,over_draft,credit_usage,credit_history,purpose,current_balance,Average_Credit_Balance,employment,location,personal_status,other_parties,residence_since,property_magnitude,cc_age,other_payment_plans,housing,existing_credits,job,num_dependents,own_telephone,foreign_worker,class,gender
0,1,6.0,4,3,1169.0,0,4,4.0,0,0,4.0,3,67.0,0,1,2.0,2,1.0,1,1,1,0
1,2,48.0,2,3,5951.0,1,2,2.0,4,0,2.0,3,22.0,0,1,1.0,2,1.0,0,1,0,1
2,0,12.0,4,6,2096.0,1,3,2.0,0,0,3.0,3,49.0,0,1,1.0,1,2.0,0,1,1,0
3,1,42.0,2,2,7882.0,1,3,2.0,0,2,4.0,1,45.0,0,2,1.0,2,2.0,0,1,1,0
4,1,24.0,3,0,4870.0,1,2,3.0,0,0,4.0,0,53.0,0,2,2.0,2,2.0,0,1,0,0
5,0,36.0,2,6,9055.0,0,2,2.0,0,0,4.0,0,35.0,0,2,1.0,1,2.0,1,1,1,0
6,0,24.0,2,2,2835.0,3,4,3.0,0,0,4.0,1,53.0,0,1,1.0,2,1.0,0,1,1,0
7,2,36.0,2,1,6948.0,1,2,2.0,0,0,2.0,2,35.0,0,0,1.0,3,1.0,1,1,1,0
8,0,12.0,2,3,3059.0,4,3,2.0,2,0,4.0,3,61.0,0,1,1.0,1,1.0,0,1,1,0
9,2,30.0,4,0,5234.0,1,0,4.0,1,0,2.0,2,28.0,0,1,2.0,3,1.0,0,1,0,0
10,2,12.0,2,0,1295.0,1,1,3.0,4,0,1.0,2,25.0,0,0,1.0,2,1.0,0,1,0,1
11,1,48.0,2,9,4308.0,1,1,3.0,4,0,4.0,1,24.0,0,0,1.0,2,1.0,0,1,0,1
12,2,12.0,2,3,1567.0,1,2,1.0,4,0,1.0,2,22.0,0,1,1.0,2,1.0,1,1,1,1
13,1,24.0,4,0,1199.0,1,4,4.0,0,0,4.0,2,60.0,0,1,2.0,1,1.0,0,1,0,0
14,1,15.0,2,0,1403.0,1,2,2.0,4,0,4.0,2,28.0,0,0,1.0,2,1.0,0,1,1,1
15,1,24.0,2,3,1282.0,2,2,4.0,4,0,2.0,2,32.0,0,1,1.0,1,1.0,0,1,0,1
16,0,24.0,4,3,2424.0,0,4,4.0,0,0,4.0,1,53.0,0,1,2.0,2,1.0,0,1,1,0
17,1,30.0,0,9,8072.0,0,1,2.0,0,0,3.0,2,25.0,2,1,3.0,2,1.0,0,1,1,0
18,2,24.0,2,1,12579.0,1,4,4.0,4,0,2.0,0,44.0,0,2,1.0,3,1.0,1,1,0,1
19,0,24.0,2,3,3430.0,3,4,3.0,0,0,2.0,2,31.0,0,1,1.0,2,2.0,1,1,1,0
20,0,9.0,4,0,2134.0,1,2,4.0,0,0,4.0,2,48.0,0,1,3.0,2,1.0,1,1,1,0
21,1,6.0,2,3,2647.0,3,2,2.0,0,0,3.0,3,44.0,0,0,1.0,2,2.0,0,1,1,0
22,1,10.0,4,0,2241.0,1,1,1.0,0,0,3.0,3,48.0,0,0,2.0,1,2.0,0,0,1,0
23,2,12.0,4,1,1804.0,2,1,3.0,0,0,4.0,1,44.0,0,1,1.0,2,1.0,0,1,1,0
24,0,10.0,4,2,2069.0,0,2,2.0,1,0,1.0,2,26.0,0,1,2.0,2,1.0,0,0,1,0
25,1,6.0,2,2,1374.0,1,2,1.0,0,0,2.0,3,36.0,2,1,1.0,1,1.0,1,1,1,0
26,0,6.0,0,3,426.0,1,4,4.0,1,0,4.0,2,39.0,0,1,1.0,1,1.0,0,1,1,0
27,3,12.0,1,3,409.0,4,2,3.0,4,0,3.0,3,42.0,0,0,2.0,2,1.0,0,1,1,1
28,2,7.0,2,3,2415.0,1,2,3.0,0,2,2.0,3,34.0,0,1,1.0,2,1.0,0,1,1,0
29,1,60.0,3,9,6836.0,1,4,3.0,0,0,4.0,0,63.0,0,1,2.0,2,1.0,1,1,0,0
30,2,18.0,2,9,1913.0,4,1,3.0,1,0,3.0,3,36.0,2,1,1.0,2,1.0,1,1,1,0
31,1,24.0,2,2,4020.0,1,2,2.0,0,0,2.0,2,27.0,1,1,1.0,2,1.0,0,1,1,0
32,2,18.0,2,0,5866.0,2,2,2.0,0,0,2.0,2,30.0,0,1,2.0,2,1.0,1,1,1,0
33,0,12.0,4,9,1264.0,0,4,4.0,0,0,4.0,0,57.0,0,0,1.0,1,1.0,0,1,1,0
34,3,12.0,2,2,1474.0,1,1,4.0,4,0,1.0,1,33.0,2,1,1.0,3,1.0,1,1,1,1
35,2,45.0,4,3,4746.0,1,1,4.0,0,0,2.0,1,25.0,0,1,2.0,1,1.0,0,1,0,0
36,0,48.0,4,6,6110.0,1,2,1.0,0,0,3.0,0,31.0,2,2,1.0,2,1.0,1,1,1,0
37,3,18.0,2,3,2100.0,1,2,4.0,0,1,2.0,3,37.0,1,1,1.0,2,1.0,0,1,0,0
38,3,10.0,2,4,1225.0,1,2,2.0,0,0,2.0,2,37.0,0,1,1.0,2,1.0,1,1,1,0
39,2,9.0,2,3,458.0,1,2,4.0,0,0,3.0,3,24.0,0,1,1.0,2,1.0,0,1,1,0
40,0,30.0,2,3,2333.0,3,4,4.0,0,0,2.0,2,30.0,2,1,1.0,3,1.0,0,1,1,0
41,2,12.0,2,3,1158.0,3,2,3.0,2,0,1.0,2,26.0,0,1,1.0,2,1.0,1,1,1,0
42,2,18.0,3,5,6204.0,1,2,2.0,0,0,4.0,3,44.0,0,1,1.0,1,2.0,1,1,1,0
43,1,30.0,4,1,6187.0,2,3,1.0,1,0,4.0,2,24.0,0,0,2.0,2,1.0,0,1,1,0
44,1,48.0,4,1,6143.0,1,4,4.0,4,0,4.0,0,58.0,1,2,2.0,1,1.0,0,1,0,1
45,0,11.0,4,0,1393.0,1,1,4.0,4,0,4.0,2,35.0,0,1,2.0,3,1.0,0,1,1,1
46,0,36.0,2,3,2299.0,3,4,4.0,0,0,4.0,2,39.0,0,1,1.0,2,1.0,0,1,1,0
47,1,6.0,2,1,1352.0,3,0,1.0,4,0,2.0,1,23.0,0,0,1.0,0,1.0,1,1,1,1
48,0,11.0,4,0,7228.0,1,2,1.0,0,0,4.0,1,39.0,0,1,2.0,1,1.0,0,1,1,0
49,0,12.0,2,3,2073.0,2,2,4.0,4,1,2.0,3,28.0,0,1,1.0,2,1.0,0,1,1,1
50,2,24.0,3,2,2333.0,0,1,4.0,0,0,2.0,1,29.0,2,1,1.0,1,1.0,0,1,1,0
51,2,27.0,3,1,5965.0,1,4,1.0,0,0,2.0,2,30.0,0,1,2.0,3,1.0,1,1,1,0
52,0,12.0,2,3,1262.0,1,2,3.0,0,0,2.0,2,25.0,0,1,1.0,2,1.0,0,1,1,0
53,0,18.0,2,1,3378.0,0,2,2.0,0,0,1.0,1,31.0,0,1,1.0,2,1.0,1,1,1,0
54,2,36.0,3,0,2225.0,1,4,4.0,0,0,4.0,0,57.0,2,2,2.0,2,1.0,1,1,0,0
55,0,6.0,1,0,783.0,0,2,1.0,0,2,2.0,3,26.0,1,1,1.0,1,2.0,0,1,1,0
56,2,12.0,2,3,6468.0,0,0,2.0,0,0,1.0,0,52.0,0,1,1.0,3,1.0,1,1,0,0
57,0,36.0,4,3,9566.0,1,2,2.0,4,0,2.0,2,31.0,1,1,2.0,2,1.0,0,1,1,1
58,3,18.0,2,0,1961.0,1,4,3.0,4,0,2.0,2,23.0,0,1,1.0,3,1.0,0,1,1,1
59,1,36.0,4,2,6229.0,1,1,4.0,4,1,4.0,0,23.0,0,0,2.0,1,1.0,1,1,0,1
60,2,9.0,2,9,1391.0,1,2,2.0,1,0,1.0,3,27.0,2,1,1.0,2,1.0,1,1,1,0
61,2,15.0,4,3,1537.0,0,4,4.0,0,2,4.0,3,50.0,0,1,2.0,2,1.0,1,1,1,0
62,2,36.0,0,9,1953.0,1,4,4.0,0,0,4.0,0,61.0,0,2,1.0,3,1.0,1,1,0,0
63,2,48.0,0,9,14421.0,1,2,2.0,0,0,2.0,2,25.0,0,1,1.0,2,1.0,1,1,0,0
64,0,24.0,2,3,3181.0,1,1,4.0,4,0,4.0,1,26.0,0,1,1.0,2,1.0,1,1,1,1
65,0,27.0,2,5,5190.0,0,4,4.0,0,0,4.0,1,48.0,0,1,4.0,2,2.0,1,1,1,0
66,0,12.0,2,3,2171.0,1,1,2.0,4,0,2.0,2,29.0,2,1,1.0,2,1.0,0,1,1,1
67,2,12.0,2,0,1007.0,4,2,4.0,1,0,1.0,3,22.0,0,1,1.0,2,1.0,0,1,1,0
68,0,36.0,2,6,1819.0,1,2,4.0,0,0,4.0,0,37.0,1,2,1.0,2,1.0,1,1,0,0
69,0,36.0,2,3,2394.0,0,2,4.0,4,0,4.0,2,25.0,0,1,1.0,2,1.0,0,1,1,1
70,0,36.0,2,1,8133.0,1,2,1.0,4,0,2.0,1,30.0,2,1,1.0,2,1.0,0,1,1,1
71,0,7.0,4,3,730.0,0,4,4.0,0,0,2.0,1,46.0,0,0,2.0,1,1.0,1,1,1,0
72,1,8.0,4,10,1164.0,1,4,3.0,0,0,4.0,0,51.0,2,2,2.0,3,2.0,1,1,1,0
73,2,42.0,4,9,5954.0,1,3,2.0,4,0,1.0,3,41.0,2,1,2.0,1,1.0,0,1,1,1
74,1,36.0,2,6,1977.0,0,4,4.0,0,0,4.0,0,40.0,0,1,1.0,3,1.0,1,1,0,0
75,1,12.0,4,1,1526.0,1,4,4.0,0,0,4.0,0,66.0,0,2,2.0,3,1.0,0,1,1,0
76,1,42.0,2,3,3965.0,1,1,4.0,0,0,3.0,2,34.0,0,1,1.0,2,1.0,0,1,0,0
77,2,11.0,3,3,4771.0,1,3,2.0,0,0,4.0,1,51.0,0,1,1.0,2,1.0,0,1,1,0
78,0,54.0,0,1,9436.0,0,2,2.0,0,0,2.0,1,39.0,0,1,1.0,1,2.0,0,1,1,0
79,2,30.0,2,2,3832.0,1,1,2.0,1,0,1.0,1,22.0,0,1,1.0,2,1.0,0,1,1,0
80,0,24.0,2,3,5943.0,0,1,1.0,4,0,1.0,2,44.0,0,1,2.0,2,1.0,1,1,0,1
81,0,15.0,2,3,1213.0,3,4,4.0,0,0,3.0,1,47.0,1,1,1.0,2,1.0,1,1,1,0
82,0,18.0,2,9,1568.0,2,2,3.0,4,0,4.0,1,24.0,0,0,1.0,1,1.0,0,1,1,1
83,1,24.0,2,10,1755.0,1,4,4.0,4,2,4.0,3,58.0,0,1,1.0,1,1.0,1,1,1,1
84,1,10.0,2,3,2315.0,1,4,3.0,0,0,4.0,3,52.0,0,1,1.0,1,1.0,0,1,1,0
85,0,12.0,4,9,1412.0,1,2,4.0,4,2,2.0,3,29.0,0,1,2.0,3,1.0,1,1,1,1
86,2,18.0,4,2,1295.0,1,1,4.0,4,0,1.0,1,27.0,0,1,2.0,2,1.0,0,1,1,1
87,2,36.0,2,6,12612.0,2,2,1.0,0,0,4.0,0,47.0,0,2,1.0,2,2.0,1,1,0,0
88,1,18.0,2,0,2249.0,2,3,4.0,0,0,3.0,2,30.0,0,1,1.0,3,2.0,1,1,1,0
89,1,12.0,0,5,1108.0,1,3,4.0,0,0,3.0,3,28.0,0,1,2.0,2,1.0,0,1,0,0
90,0,12.0,4,3,618.0,1,4,4.0,0,0,4.0,3,56.0,0,1,1.0,2,1.0,0,1,1,0
91,1,12.0,4,1,1409.0,1,4,4.0,0,0,3.0,3,54.0,0,1,1.0,2,1.0,0,1,1,0
92,0,12.0,4,3,797.0,0,4,4.0,4,0,3.0,1,33.0,2,1,1.0,1,2.0,0,1,0,1
93,3,24.0,4,2,3617.0,0,4,4.0,0,1,4.0,0,20.0,0,0,2.0,2,1.0,0,1,1,0
94,2,12.0,2,0,1318.0,4,4,4.0,0,0,4.0,3,54.0,0,1,1.0,2,1.0,1,1,1,0
95,2,54.0,0,9,15945.0,1,1,3.0,0,0,4.0,0,58.0,0,0,1.0,2,1.0,1,1,0,0
96,0,12.0,4,6,2012.0,0,3,4.0,4,0,2.0,2,61.0,0,1,1.0,2,1.0,0,1,1,1
97,2,18.0,2,9,2622.0,2,2,4.0,0,0,4.0,2,34.0,0,1,1.0,2,1.0,0,1,1,0
98,2,36.0,4,3,2337.0,1,4,4.0,0,0,4.0,3,36.0,0,1,1.0,2,1.0,0,1,1,0
99,2,20.0,3,1,7057.0,0,3,3.0,0,0,4.0,1,36.0,2,0,2.0,3,2.0,1,1,1,0
100,0,24.0,2,0,1469.0,2,4,4.0,1,0,4.0,3,41.0,0,0,1.0,1,1.0,0,1,1,0
101,2,36.0,2,3,2323.0,1,3,4.0,0,0,4.0,2,24.0,0,0,1.0,2,1.0,0,1,1,0
102,0,6.0,3,3,932.0,1,2,3.0,4,0,2.0,3,24.0,0,1,1.0,2,1.0,0,1,1,1
103,2,9.0,4,2,1919.0,1,3,4.0,0,0,3.0,2,35.0,0,0,1.0,2,1.0,1,1,1,0
104,0,12.0,2,1,2445.0,0,1,2.0,1,0,4.0,2,26.0,0,0,1.0,2,1.0,1,1,1,0
105,2,24.0,4,10,11938.0,1,2,2.0,0,1,3.0,2,39.0,0,1,2.0,3,2.0,1,1,0,0
106,0,18.0,1,0,6458.0,1,4,2.0,0,0,4.0,0,39.0,2,1,2.0,3,2.0,1,1,0,0
107,2,12.0,2,0,6078.0,1,3,2.0,0,0,2.0,2,32.0,0,1,1.0,2,1.0,0,1,1,0
108,1,24.0,2,2,7721.0,0,1,1.0,4,0,2.0,1,30.0,0,1,1.0,2,1.0,1,0,1,1
109,2,14.0,2,9,1410.0,3,4,1.0,1,0,2.0,3,35.0,0,1,1.0,2,1.0,1,1,1,0
110,2,6.0,3,9,1449.0,2,4,1.0,2,0,2.0,2,31.0,2,1,2.0,2,2.0,0,1,1,0
111,3,15.0,2,6,392.0,1,1,4.0,4,0,4.0,1,23.0,0,0,1.0,2,1.0,1,1,1,1
112,2,18.0,2,0,6260.0,1,3,3.0,0,0,3.0,3,28.0,0,0,1.0,1,1.0,0,1,1,0
113,0,36.0,4,0,7855.0,1,2,4.0,4,0,2.0,3,25.0,1,1,2.0,2,1.0,1,1,0,1
114,1,12.0,2,3,1680.0,3,4,3.0,1,0,1.0,3,35.0,0,1,1.0,2,1.0,0,1,1,0
115,0,48.0,4,3,3578.0,0,4,4.0,0,0,1.0,3,47.0,0,1,1.0,2,1.0,1,1,1,0
116,1,42.0,2,3,7174.0,0,3,4.0,4,0,3.0,2,30.0,0,1,1.0,3,1.0,1,1,0,1
117,1,10.0,4,2,2132.0,0,1,2.0,4,1,3.0,3,27.0,0,0,2.0,2,1.0,0,0,1,1
118,1,33.0,4,2,4281.0,3,2,1.0,4,0,4.0,2,23.0,0,1,2.0,2,1.0,0,1,0,1
119,2,12.0,4,0,2366.0,3,3,3.0,2,0,3.0,2,36.0,0,1,1.0,3,1.0,1,1,1,0
120,1,21.0,2,3,1835.0,1,2,3.0,4,0,2.0,3,25.0,0,1,2.0,2,1.0,1,1,0,1
121,0,24.0,4,1,3868.0,1,4,4.0,4,0,2.0,2,41.0,0,0,2.0,3,1.0,1,1,1,1
122,0,12.0,2,2,1768.0,1,2,3.0,0,0,2.0,3,24.0,0,0,1.0,1,1.0,0,1,1,0
123,3,10.0,4,0,781.0,1,4,4.0,0,0,4.0,0,63.0,0,2,2.0,2,1.0,1,1,1,0
124,2,18.0,2,2,1924.0,0,1,4.0,4,0,3.0,3,27.0,0,0,1.0,2,1.0,0,1,0,1
125,1,12.0,4,0,2121.0,1,2,4.0,0,0,2.0,1,30.0,0,1,2.0,2,1.0,0,1,1,0
126,1,12.0,2,3,701.0,1,2,4.0,1,0,2.0,3,40.0,0,1,1.0,1,1.0,0,1,1,0
127,2,12.0,2,5,639.0,1,2,4.0,0,0,2.0,2,30.0,0,1,1.0,2,1.0,0,1,0,0
128,2,12.0,4,1,1860.0,1,0,4.0,0,0,2.0,2,34.0,0,1,2.0,3,1.0,1,1,1,0
129,1,12.0,4,0,3499.0,1,2,3.0,4,1,2.0,3,29.0,0,1,2.0,2,1.0,0,1,0,1
130,2,48.0,2,0,8487.0,0,3,1.0,4,0,2.0,2,24.0,0,1,1.0,2,1.0,0,1,1,1
131,1,36.0,3,6,6887.0,1,2,4.0,0,0,3.0,1,29.0,1,1,1.0,2,1.0,1,1,0,0
132,0,15.0,2,2,2708.0,1,1,2.0,0,0,3.0,1,27.0,2,1,2.0,1,1.0,0,1,1,0
133,0,18.0,2,2,1984.0,1,2,4.0,0,0,4.0,0,47.0,2,2,2.0,2,1.0,0,1,1,0
134,0,60.0,2,3,10144.0,2,3,2.0,4,0,4.0,3,21.0,0,1,1.0,2,1.0,1,1,1,1
135,0,12.0,4,3,1240.0,0,4,4.0,4,0,2.0,3,38.0,0,1,2.0,2,1.0,1,1,1,1
136,0,27.0,3,1,8613.0,4,2,2.0,0,0,2.0,2,27.0,0,1,2.0,2,1.0,0,1,1,0
137,2,12.0,2,3,766.0,3,2,4.0,0,0,3.0,3,66.0,0,1,1.0,1,1.0,0,1,0,0
138,2,15.0,4,3,2728.0,0,3,4.0,0,2,2.0,3,35.0,2,1,3.0,2,1.0,1,1,1,0
139,3,12.0,2,3,1881.0,1,2,2.0,4,0,2.0,2,44.0,0,0,1.0,1,1.0,1,1,1,1
140,3,6.0,2,0,709.0,4,1,2.0,1,0,2.0,3,27.0,0,1,1.0,0,1.0,0,0,1,0
141,2,36.0,2,3,4795.0,1,1,4.0,4,0,1.0,0,30.0,0,1,1.0,3,1.0,1,1,1,1
142,1,27.0,2,3,3416.0,1,2,3.0,0,0,2.0,2,27.0,0,1,1.0,3,1.0,0,1,1,0
143,1,18.0,2,2,2462.0,1,2,2.0,0,0,2.0,2,22.0,0,1,1.0,2,1.0,0,1,0,0
144,0,21.0,4,2,2288.0,1,1,4.0,4,0,4.0,1,23.0,0,1,1.0,2,1.0,1,1,1,1
145,2,48.0,1,9,3566.0,2,3,4.0,0,0,2.0,2,30.0,0,1,1.0,2,1.0,0,1,1,0
146,1,6.0,4,0,860.0,1,4,1.0,4,0,4.0,0,39.0,0,1,2.0,2,1.0,1,1,1,1
147,0,12.0,4,0,682.0,2,3,4.0,4,0,3.0,2,51.0,0,1,2.0,2,1.0,1,1,1,1
148,1,36.0,4,2,5371.0,1,2,3.0,0,2,2.0,1,28.0,0,1,2.0,2,1.0,0,1,1,0
149,0,18.0,4,3,1582.0,4,4,4.0,0,0,4.0,2,46.0,0,1,2.0,2,1.0,0,1,1,0
150,0,6.0,2,3,1346.0,2,4,2.0,0,0,4.0,0,42.0,2,2,1.0,2,2.0,1,1,1,0
151,0,10.0,2,3,1924.0,1,2,1.0,0,0,4.0,1,38.0,0,1,1.0,2,1.0,1,0,1,0
152,3,36.0,2,3,5848.0,1,2,4.0,0,0,1.0,2,24.0,0,1,1.0,2,1.0,0,1,1,0
153,2,24.0,4,1,7758.0,4,4,2.0,4,0,4.0,0,29.0,0,0,1.0,2,1.0,0,1,1,1
154,2,24.0,3,9,6967.0,2,3,4.0,0,0,4.0,2,36.0,0,0,1.0,3,1.0,1,1,1,0
155,1,12.0,2,2,1282.0,1,2,2.0,4,0,4.0,2,20.0,0,0,1.0,2,1.0,0,1,0,1
156,1,9.0,4,5,1288.0,2,4,3.0,0,2,4.0,3,48.0,0,1,2.0,2,2.0,0,0,1,0
157,1,12.0,1,8,339.0,1,4,4.0,1,0,1.0,2,45.0,2,1,1.0,1,1.0,0,1,1,0
158,2,24.0,2,0,3512.0,2,3,2.0,0,0,3.0,2,38.0,2,1,2.0,2,1.0,1,1,1,0
159,0,6.0,4,3,1898.0,0,2,1.0,0,0,2.0,3,34.0,0,1,2.0,1,2.0,0,1,1,0
160,0,24.0,4,3,2872.0,2,4,3.0,0,0,4.0,3,36.0,0,1,1.0,2,2.0,1,1,1,0
161,0,18.0,4,0,1055.0,1,1,4.0,4,0,1.0,1,30.0,0,1,2.0,2,1.0,0,1,1,1
162,0,15.0,2,4,1262.0,3,3,4.0,0,0,3.0,1,36.0,0,1,2.0,2,1.0,1,1,1,0
163,2,10.0,2,0,7308.0,1,0,2.0,0,0,4.0,0,70.0,2,2,1.0,3,1.0,1,1,1,0
164,0,36.0,2,0,909.0,3,4,4.0,0,0,4.0,1,36.0,0,1,1.0,2,1.0,0,1,1,0
165,0,6.0,2,2,2978.0,3,2,1.0,0,0,2.0,2,32.0,0,1,1.0,2,1.0,1,1,1,0
166,1,18.0,2,2,1131.0,1,0,4.0,4,0,2.0,2,33.0,0,1,1.0,2,1.0,0,1,0,1
167,2,11.0,2,2,1577.0,4,1,4.0,4,0,1.0,3,20.0,0,1,1.0,2,1.0,0,1,1,1
168,0,24.0,2,2,3972.0,1,3,2.0,4,0,4.0,1,25.0,0,0,1.0,2,1.0,1,1,1,1
169,2,24.0,4,9,1935.0,1,4,4.0,2,0,4.0,3,31.0,0,1,2.0,2,1.0,1,1,0,0
170,1,15.0,0,0,950.0,1,4,4.0,0,0,3.0,2,33.0,0,0,2.0,2,2.0,0,1,0,0
171,0,12.0,2,2,763.0,1,2,4.0,4,0,1.0,3,26.0,0,1,1.0,2,1.0,1,1,1,1
172,2,24.0,3,2,2064.0,1,0,3.0,4,0,2.0,1,34.0,0,1,1.0,3,1.0,1,1,0,1
173,2,8.0,2,3,1414.0,1,2,4.0,0,2,2.0,3,33.0,0,1,1.0,2,1.0,0,0,1,0
174,1,21.0,3,6,3414.0,1,1,2.0,0,0,1.0,1,26.0,0,1,2.0,2,1.0,0,1,0,0
175,0,30.0,1,1,7485.0,0,0,4.0,4,0,1.0,3,53.0,2,1,1.0,3,1.0,1,1,0,1
176,1,12.0,2,2,2577.0,1,2,2.0,2,0,1.0,2,42.0,0,1,1.0,2,1.0,0,1,1,0
177,1,6.0,4,3,338.0,3,4,4.0,0,0,4.0,2,52.0,0,1,2.0,2,1.0,0,1,1,0
178,0,12.0,2,3,1963.0,1,3,4.0,0,0,2.0,2,31.0,0,0,2.0,3,2.0,1,1,1,0
179,1,21.0,4,0,571.0,1,4,4.0,0,0,4.0,3,65.0,0,1,2.0,2,1.0,0,1,1,0
180,0,36.0,3,9,9572.0,1,1,1.0,2,0,1.0,2,28.0,0,1,2.0,2,1.0,0,1,0,0
181,2,36.0,3,9,4455.0,1,2,2.0,2,0,2.0,3,30.0,1,1,2.0,3,1.0,1,1,0,0
182,1,21.0,1,0,1647.0,0,2,4.0,0,0,2.0,1,40.0,0,1,2.0,1,2.0,0,1,0,0
183,0,24.0,4,2,3777.0,4,2,4.0,0,0,4.0,3,50.0,0,1,1.0,2,1.0,1,1,1,0
184,2,18.0,4,0,884.0,1,4,4.0,0,0,4.0,2,36.0,2,1,1.0,2,2.0,1,1,0,0
185,0,15.0,4,3,1360.0,1,2,4.0,0,0,2.0,1,31.0,0,1,2.0,2,1.0,0,1,1,0
186,2,9.0,1,1,5129.0,1,4,2.0,4,0,4.0,0,74.0,2,2,1.0,3,2.0,1,1,0,1
187,2,16.0,4,0,1175.0,1,0,2.0,0,0,3.0,2,68.0,0,2,3.0,0,1.0,1,1,1,0
188,1,12.0,2,3,674.0,2,3,4.0,1,0,1.0,1,20.0,0,1,1.0,2,1.0,0,1,0,0
189,2,18.0,0,2,3244.0,1,2,1.0,4,0,4.0,2,33.0,2,1,2.0,2,1.0,1,1,1,1
190,0,24.0,2,9,4591.0,4,2,2.0,0,0,3.0,1,54.0,0,1,3.0,3,1.0,1,1,0,0
191,2,48.0,0,9,3844.0,2,3,4.0,0,0,4.0,0,34.0,0,2,1.0,1,2.0,0,1,0,0
192,2,27.0,2,9,3915.0,1,2,4.0,0,0,2.0,2,36.0,0,1,1.0,2,2.0,1,1,0,0
193,0,6.0,2,3,2108.0,1,3,2.0,1,0,2.0,3,29.0,0,0,1.0,2,1.0,0,1,1,0
194,2,45.0,2,3,3031.0,2,2,4.0,0,2,4.0,1,21.0,0,0,1.0,2,1.0,0,1,0,0
195,2,9.0,4,6,1501.0,1,4,2.0,4,0,3.0,2,34.0,0,1,2.0,3,1.0,1,1,0,1
196,0,6.0,4,3,1382.0,1,2,1.0,4,0,1.0,2,28.0,0,1,2.0,2,1.0,1,1,1,1
197,2,12.0,2,2,951.0,2,1,4.0,4,0,4.0,2,27.0,2,0,4.0,2,1.0,0,1,0,1
198,2,24.0,2,1,2760.0,0,4,4.0,0,0,4.0,0,36.0,2,2,1.0,2,1.0,1,1,1,0
199,2,18.0,3,2,4297.0,1,4,4.0,2,0,3.0,0,40.0,0,1,1.0,3,1.0,1,1,0,0
200,0,9.0,4,6,936.0,3,4,4.0,0,0,2.0,2,52.0,0,1,2.0,2,1.0,1,1,1,0
201,1,12.0,2,0,1168.0,1,2,4.0,1,0,3.0,3,27.0,0,1,1.0,1,1.0,0,1,1,0
202,0,27.0,3,9,5117.0,1,3,3.0,0,0,4.0,2,26.0,0,1,2.0,2,1.0,0,1,1,0
203,1,12.0,2,8,902.0,1,3,4.0,1,0,4.0,1,21.0,0,0,1.0,2,1.0,0,1,0,0
204,0,12.0,4,0,1495.0,1,4,4.0,0,0,1.0,3,38.0,0,1,2.0,1,2.0,0,1,1,0
205,1,30.0,4,1,10623.0,1,4,3.0,0,0,4.0,0,38.0,0,2,3.0,3,2.0,1,1,1,0
206,0,12.0,4,2,1935.0,1,4,4.0,0,0,4.0,3,43.0,0,1,3.0,2,1.0,1,1,1,0
207,2,12.0,4,4,1424.0,1,3,4.0,0,0,3.0,1,26.0,0,1,1.0,2,1.0,0,1,1,0
208,1,24.0,2,9,6568.0,1,2,2.0,1,0,2.0,2,21.0,1,1,1.0,1,1.0,0,1,1,0
209,0,12.0,2,1,1413.0,4,3,3.0,0,0,2.0,1,55.0,0,1,1.0,2,1.0,0,0,1,0
210,0,9.0,4,3,3074.0,0,2,1.0,0,0,2.0,3,33.0,0,1,2.0,2,2.0,0,1,1,0
211,0,36.0,2,3,3835.0,0,4,2.0,4,0,4.0,3,45.0,0,1,1.0,1,1.0,1,1,1,1
212,1,27.0,0,9,5293.0,1,0,2.0,0,0,4.0,1,50.0,1,1,2.0,2,1.0,1,1,0,0
213,3,30.0,3,9,1908.0,1,4,4.0,0,0,4.0,3,66.0,0,1,1.0,3,1.0,1,1,0,0
214,0,36.0,4,3,3342.0,0,4,4.0,0,0,2.0,2,51.0,0,1,1.0,2,1.0,1,1,1,0
215,2,6.0,4,8,932.0,0,3,1.0,4,0,3.0,1,39.0,0,1,2.0,1,1.0,0,1,1,1
216,1,18.0,0,9,3104.0,1,3,3.0,0,0,1.0,1,31.0,2,1,1.0,2,1.0,1,1,1,0
217,3,36.0,2,3,3913.0,1,2,2.0,0,0,2.0,3,23.0,0,1,1.0,2,1.0,1,1,1,0
218,1,24.0,2,2,3021.0,1,2,2.0,2,0,2.0,3,24.0,0,0,1.0,1,1.0,0,1,1,0
219,0,10.0,2,0,1364.0,1,2,2.0,4,0,4.0,2,64.0,0,1,1.0,2,1.0,1,1,1,1
220,2,12.0,2,3,625.0,1,1,4.0,1,2,1.0,3,26.0,2,1,1.0,1,1.0,0,1,1,0
221,1,12.0,2,6,1200.0,0,2,4.0,4,0,4.0,1,23.0,2,0,1.0,2,1.0,1,1,1,1
222,0,12.0,2,3,707.0,1,2,4.0,0,0,2.0,3,30.0,2,1,2.0,2,1.0,0,1,1,0
223,0,24.0,3,9,2978.0,0,2,4.0,0,0,4.0,3,32.0,0,1,2.0,2,2.0,1,1,1,0
224,0,15.0,2,1,4657.0,1,2,3.0,0,0,2.0,2,30.0,0,1,1.0,2,1.0,1,1,1,0
225,0,36.0,0,5,2613.0,1,2,4.0,0,0,2.0,2,27.0,0,1,2.0,2,1.0,0,1,1,0
226,2,48.0,2,3,10961.0,4,3,1.0,0,1,2.0,0,27.0,2,1,2.0,2,1.0,1,1,0,0
227,1,12.0,2,2,7865.0,1,4,4.0,0,0,4.0,0,53.0,0,2,1.0,3,1.0,1,1,0,0
228,0,9.0,2,3,1478.0,1,3,4.0,0,0,2.0,2,22.0,0,1,1.0,2,1.0,0,1,0,0
229,1,24.0,2,2,3149.0,1,1,4.0,0,0,1.0,0,22.0,2,2,1.0,2,1.0,0,1,1,0
230,3,36.0,2,3,4210.0,1,2,4.0,0,0,2.0,2,26.0,0,1,1.0,2,1.0,0,1,0,0
231,0,9.0,2,0,2507.0,3,4,2.0,0,0,4.0,0,51.0,0,2,1.0,1,1.0,0,1,1,0
232,0,12.0,2,3,2141.0,2,3,3.0,0,0,1.0,0,35.0,0,1,1.0,2,1.0,0,1,1,0
233,2,18.0,2,3,866.0,1,2,4.0,1,2,2.0,3,25.0,0,1,1.0,1,1.0,0,1,1,0
234,0,4.0,4,3,1544.0,1,3,2.0,0,0,1.0,3,42.0,0,1,3.0,1,2.0,0,1,1,0
235,1,24.0,2,3,1823.0,1,0,4.0,0,0,2.0,2,30.0,1,1,1.0,3,2.0,0,1,0,0
236,2,6.0,2,0,14555.0,0,0,1.0,0,0,2.0,1,23.0,0,1,1.0,0,1.0,1,1,0,0
237,2,21.0,2,9,2767.0,2,4,4.0,2,0,2.0,2,61.0,2,0,2.0,1,1.0,0,1,0,0
238,0,12.0,4,3,1291.0,1,2,4.0,4,0,2.0,1,35.0,0,1,2.0,2,1.0,0,1,1,1
239,1,30.0,2,3,2522.0,1,4,1.0,0,2,3.0,1,39.0,0,1,1.0,2,2.0,0,1,1,0
240,1,24.0,2,0,915.0,0,4,4.0,4,0,2.0,2,29.0,2,1,1.0,2,1.0,0,1,0,1
241,0,6.0,2,3,1595.0,1,3,3.0,0,0,2.0,1,51.0,0,1,1.0,2,2.0,0,1,1,0
242,1,48.0,0,1,4605.0,1,4,3.0,0,0,4.0,0,24.0,0,2,2.0,2,2.0,0,1,0,0
243,0,12.0,4,9,1185.0,1,2,3.0,4,0,2.0,3,27.0,0,1,2.0,2,1.0,0,1,1,1
244,0,12.0,1,8,3447.0,3,2,4.0,4,0,3.0,3,35.0,0,1,1.0,1,2.0,0,1,1,1
245,0,24.0,2,9,1258.0,1,3,4.0,0,0,1.0,3,25.0,0,1,1.0,2,1.0,1,1,1,0
246,0,12.0,4,3,717.0,1,4,4.0,0,0,4.0,3,52.0,0,1,3.0,2,1.0,0,1,1,0
247,0,6.0,0,0,1204.0,2,2,4.0,0,0,1.0,0,35.0,2,0,1.0,2,1.0,0,0,1,0
248,3,24.0,2,2,1925.0,1,2,2.0,0,0,2.0,3,26.0,0,1,1.0,2,1.0,0,1,1,0
249,0,18.0,2,3,433.0,1,0,3.0,4,1,4.0,3,22.0,0,0,1.0,2,1.0,0,1,0,1
250,1,6.0,4,0,666.0,4,3,3.0,4,0,4.0,3,39.0,0,1,2.0,1,1.0,1,1,1,1
251,3,12.0,2,2,2251.0,1,2,1.0,4,0,2.0,2,46.0,0,1,1.0,1,1.0,0,1,1,1
252,2,30.0,2,0,2150.0,1,2,4.0,4,2,2.0,0,24.0,2,1,1.0,2,1.0,0,1,0,1
253,0,24.0,3,2,4151.0,2,2,2.0,0,0,3.0,1,35.0,0,1,2.0,2,1.0,0,1,1,0
254,2,9.0,2,2,2030.0,0,3,2.0,0,0,1.0,2,24.0,0,1,1.0,2,1.0,1,1,1,0
255,2,60.0,3,3,7418.0,0,2,1.0,0,0,1.0,3,27.0,0,1,1.0,1,1.0,0,1,1,0
256,0,24.0,4,3,2684.0,1,2,4.0,0,0,2.0,3,35.0,0,1,2.0,1,1.0,0,1,1,0
257,1,12.0,1,3,2149.0,1,2,4.0,2,0,1.0,0,29.0,0,2,1.0,2,1.0,0,1,0,0
258,0,15.0,2,1,3812.0,2,1,1.0,4,0,4.0,2,23.0,0,1,1.0,2,1.0,1,1,1,1
259,0,11.0,4,3,1154.0,2,0,4.0,4,0,4.0,3,57.0,0,1,3.0,1,1.0,0,1,1,1
260,1,12.0,2,2,1657.0,1,2,2.0,0,0,2.0,3,27.0,0,1,1.0,2,1.0,0,1,1,0
261,1,24.0,2,3,1603.0,1,4,4.0,4,0,4.0,2,55.0,0,1,1.0,2,1.0,0,1,1,1
262,1,18.0,4,0,5302.0,1,4,2.0,0,0,4.0,0,36.0,0,2,3.0,3,1.0,1,1,1,0
263,0,12.0,4,6,2748.0,1,4,2.0,4,0,4.0,0,57.0,2,2,3.0,1,1.0,0,1,1,1
264,0,10.0,4,0,1231.0,1,4,3.0,0,0,4.0,3,32.0,0,1,2.0,1,2.0,0,0,1,0
265,2,15.0,2,3,802.0,1,4,4.0,0,0,3.0,2,37.0,0,1,1.0,2,2.0,0,1,0,0
266,0,36.0,4,9,6304.0,0,4,4.0,0,0,4.0,3,36.0,0,1,2.0,2,1.0,0,1,1,0
267,0,24.0,2,3,1533.0,1,1,4.0,4,0,3.0,2,38.0,1,1,1.0,2,1.0,1,1,1,1
268,1,14.0,2,0,8978.0,1,4,1.0,2,0,4.0,1,45.0,0,1,1.0,3,1.0,1,0,0,0
269,0,24.0,2,3,999.0,0,4,4.0,0,0,2.0,2,25.0,0,1,2.0,2,1.0,0,1,1,0
270,0,18.0,2,0,2662.0,0,3,4.0,0,0,3.0,1,32.0,0,1,1.0,2,1.0,0,0,1,0
271,0,12.0,4,2,1402.0,3,3,3.0,4,0,4.0,2,37.0,0,0,1.0,2,1.0,1,1,1,1
272,2,48.0,1,0,12169.0,0,0,4.0,0,1,4.0,0,36.0,0,2,1.0,3,1.0,1,1,1,0
273,2,48.0,2,3,3060.0,1,3,4.0,0,0,4.0,3,28.0,0,1,2.0,2,1.0,0,1,0,0
274,1,30.0,2,5,11998.0,1,1,1.0,2,0,1.0,0,34.0,0,1,1.0,1,1.0,1,1,0,0
275,0,9.0,2,3,2697.0,1,2,1.0,0,0,2.0,3,32.0,0,1,1.0,2,2.0,0,1,1,0
276,0,18.0,4,3,2404.0,1,2,2.0,4,0,2.0,2,26.0,0,1,2.0,2,1.0,0,1,1,1
277,1,12.0,2,2,1262.0,0,4,2.0,2,0,4.0,1,49.0,0,1,1.0,1,1.0,1,1,1,0
278,0,6.0,2,2,4611.0,1,1,1.0,4,0,4.0,1,32.0,0,1,1.0,2,1.0,0,1,0,1
279,0,24.0,2,3,1901.0,2,2,4.0,0,0,4.0,2,29.0,0,0,1.0,3,1.0,1,1,1,0
280,0,15.0,4,1,3368.0,4,4,3.0,0,0,4.0,0,23.0,0,0,2.0,2,1.0,1,1,1,0
281,0,12.0,2,2,1574.0,1,2,4.0,0,0,2.0,3,50.0,0,1,1.0,2,1.0,0,1,1,0
282,3,18.0,1,3,1445.0,0,3,4.0,0,0,4.0,2,49.0,2,1,1.0,1,1.0,0,1,1,0
283,0,15.0,4,2,1520.0,0,4,4.0,0,0,4.0,1,63.0,0,1,1.0,2,1.0,0,1,1,0
284,2,24.0,4,0,3878.0,2,1,4.0,2,0,2.0,2,37.0,0,1,1.0,2,1.0,1,1,1,0
285,1,47.0,2,0,10722.0,1,1,1.0,4,0,1.0,3,35.0,0,1,1.0,1,1.0,1,1,1,1
286,1,48.0,2,1,4788.0,1,3,4.0,0,0,3.0,1,26.0,0,1,1.0,2,2.0,0,1,1,0
287,2,48.0,3,10,7582.0,2,0,2.0,0,0,4.0,0,31.0,0,2,1.0,3,1.0,1,1,1,0
288,2,12.0,2,3,1092.0,1,2,4.0,4,2,4.0,3,49.0,0,1,2.0,2,1.0,1,1,1,1
289,1,24.0,3,3,1024.0,1,1,4.0,1,0,4.0,3,48.0,1,1,1.0,2,1.0,0,1,0,0
290,0,12.0,2,9,1076.0,1,2,2.0,1,0,2.0,3,26.0,0,1,1.0,2,1.0,1,0,1,0
291,2,36.0,2,1,9398.0,1,1,1.0,1,0,4.0,2,28.0,0,0,1.0,3,1.0,1,1,0,0
292,1,24.0,4,1,6419.0,1,4,2.0,4,0,4.0,0,44.0,0,2,2.0,3,2.0,1,1,1,1
293,3,42.0,4,1,4796.0,1,4,4.0,0,0,4.0,0,56.0,0,2,1.0,2,1.0,0,1,1,0
294,0,48.0,4,9,7629.0,0,4,4.0,2,0,2.0,2,46.0,2,1,2.0,3,2.0,0,1,1,0
295,2,48.0,2,2,9960.0,1,1,1.0,4,0,2.0,2,26.0,0,1,1.0,2,1.0,1,1,0,1
296,0,12.0,2,1,4675.0,0,1,1.0,4,0,4.0,2,20.0,0,0,1.0,2,1.0,0,1,1,1
297,0,10.0,2,0,1287.0,0,4,4.0,0,1,2.0,1,45.0,0,1,1.0,1,1.0,0,0,1,0
298,0,18.0,2,2,2515.0,1,2,3.0,0,0,4.0,3,43.0,0,1,1.0,2,1.0,1,1,1,0
299,2,21.0,4,2,2745.0,4,3,3.0,0,0,2.0,2,32.0,0,1,2.0,2,1.0,1,1,1,0
300,0,6.0,2,0,672.0,1,0,1.0,4,0,4.0,3,54.0,0,1,1.0,0,1.0,1,1,1,1
301,2,36.0,0,3,3804.0,1,2,4.0,4,0,1.0,2,42.0,0,1,1.0,2,1.0,1,1,0,1
302,3,24.0,4,0,1344.0,0,3,4.0,0,0,2.0,3,37.0,2,1,2.0,1,2.0,0,1,0,0
303,1,10.0,4,0,1038.0,1,3,4.0,0,1,3.0,1,49.0,0,1,2.0,2,1.0,1,1,1,0
304,0,48.0,4,0,10127.0,3,2,2.0,0,0,2.0,0,44.0,2,2,1.0,2,1.0,0,1,0,0
305,0,6.0,2,2,1543.0,4,2,4.0,2,0,2.0,3,33.0,0,1,1.0,2,1.0,0,1,1,0
306,0,30.0,2,1,4811.0,0,3,2.0,4,0,4.0,1,24.0,1,0,1.0,1,1.0,0,1,1,1
307,1,12.0,2,3,727.0,2,1,4.0,1,0,3.0,0,33.0,0,1,1.0,1,1.0,1,1,0,0
308,2,8.0,2,2,1237.0,1,2,3.0,4,0,4.0,3,24.0,0,1,1.0,2,1.0,0,1,0,1
309,2,9.0,2,0,276.0,1,2,4.0,1,0,4.0,3,22.0,0,0,1.0,1,1.0,0,1,1,0
310,2,48.0,2,10,5381.0,0,0,3.0,0,0,4.0,0,40.0,2,2,1.0,0,1.0,1,1,1,0
311,0,24.0,2,2,5511.0,2,2,4.0,0,0,1.0,2,25.0,1,1,1.0,2,1.0,0,1,1,0
312,3,24.0,2,2,3749.0,1,1,2.0,4,0,4.0,2,26.0,0,1,1.0,2,1.0,0,1,1,1
313,2,12.0,2,0,685.0,1,3,2.0,1,0,3.0,2,25.0,2,1,1.0,1,1.0,0,1,0,0
314,3,4.0,2,0,1494.0,0,1,1.0,0,0,2.0,3,29.0,0,1,1.0,1,2.0,0,0,1,0
315,1,36.0,1,2,2746.0,1,4,4.0,0,0,4.0,2,31.0,2,1,1.0,2,1.0,0,1,0,0
316,1,12.0,2,2,708.0,1,2,2.0,0,2,3.0,1,38.0,0,1,1.0,1,2.0,0,1,1,0
317,2,24.0,2,2,4351.0,0,2,1.0,4,0,4.0,1,48.0,0,1,1.0,1,1.0,1,1,1,1
318,0,12.0,4,6,701.0,1,2,4.0,0,0,2.0,2,32.0,0,1,2.0,2,1.0,0,1,1,0
319,1,15.0,3,2,3643.0,1,4,1.0,4,0,4.0,1,27.0,0,1,2.0,1,1.0,0,1,1,1
320,2,30.0,4,0,4249.0,1,0,4.0,1,0,2.0,2,28.0,0,1,2.0,3,1.0,0,1,0,0
321,1,24.0,2,3,1938.0,1,1,4.0,2,0,3.0,1,32.0,0,1,1.0,2,1.0,0,1,0,0
322,1,24.0,2,1,2910.0,1,3,2.0,0,0,1.0,0,34.0,0,2,1.0,3,1.0,1,1,1,0
323,1,18.0,2,2,2659.0,4,2,4.0,0,0,2.0,2,28.0,0,1,1.0,2,1.0,0,1,1,0
324,0,18.0,4,0,1028.0,1,2,4.0,4,0,3.0,3,36.0,0,1,2.0,2,1.0,0,1,1,1
325,1,8.0,4,0,3398.0,1,3,1.0,0,0,4.0,3,39.0,0,1,2.0,1,1.0,0,0,1,0
326,0,12.0,4,2,5801.0,0,4,2.0,0,0,4.0,1,49.0,0,0,1.0,2,1.0,1,1,1,0
327,0,24.0,2,0,1525.0,4,3,4.0,4,0,3.0,2,34.0,0,1,1.0,2,2.0,1,1,1,1
328,3,36.0,2,3,4473.0,1,4,4.0,0,0,2.0,2,31.0,0,1,1.0,2,1.0,0,1,1,0
329,2,6.0,2,3,1068.0,1,4,4.0,0,0,4.0,2,28.0,0,1,1.0,2,2.0,0,1,1,0
330,1,24.0,4,1,6615.0,1,0,2.0,0,0,4.0,0,75.0,0,2,2.0,3,1.0,1,1,1,0
331,0,18.0,4,6,1864.0,2,2,4.0,4,0,2.0,3,30.0,0,1,2.0,2,1.0,0,1,0,1
332,2,60.0,2,0,7408.0,2,1,4.0,4,0,2.0,1,24.0,0,1,1.0,3,1.0,0,1,0,1
333,0,48.0,4,1,11590.0,2,2,2.0,4,0,4.0,2,24.0,2,0,2.0,1,1.0,0,1,0,1
334,1,24.0,0,2,4110.0,1,4,3.0,0,0,4.0,0,23.0,2,0,2.0,2,2.0,0,1,0,0
335,1,6.0,4,2,3384.0,1,2,1.0,2,0,4.0,3,44.0,0,0,1.0,3,1.0,1,1,0,0
336,2,13.0,2,3,2101.0,1,1,2.0,4,2,4.0,1,23.0,0,1,1.0,1,1.0,0,1,1,1
337,1,15.0,2,4,1275.0,0,2,4.0,4,0,2.0,2,24.0,0,0,1.0,2,1.0,0,1,0,1
338,1,24.0,2,2,4169.0,1,2,4.0,0,0,4.0,1,28.0,0,1,1.0,2,1.0,0,1,1,0
339,2,10.0,2,2,1521.0,1,2,4.0,2,0,2.0,2,31.0,0,1,1.0,1,1.0,0,1,1,0
340,2,24.0,4,6,5743.0,1,1,2.0,4,0,4.0,0,24.0,0,2,2.0,2,1.0,1,1,1,1
341,1,21.0,2,2,3599.0,1,3,1.0,4,0,4.0,2,26.0,0,0,1.0,1,1.0,0,1,1,1
342,2,18.0,2,3,3213.0,3,1,1.0,1,0,3.0,3,25.0,0,0,1.0,2,1.0,0,1,1,0
343,2,18.0,2,9,4439.0,1,4,1.0,0,1,1.0,3,33.0,2,1,1.0,3,1.0,1,1,1,0
344,3,10.0,2,0,3949.0,1,1,1.0,0,2,1.0,1,37.0,0,1,1.0,1,2.0,0,1,1,0
345,0,15.0,4,3,1459.0,1,2,4.0,4,0,2.0,2,43.0,0,1,1.0,1,1.0,0,1,1,1
346,2,13.0,4,3,882.0,1,1,4.0,0,2,4.0,3,23.0,0,1,2.0,2,1.0,0,1,1,0
347,2,24.0,2,3,3758.0,3,0,1.0,4,0,4.0,0,23.0,0,0,1.0,0,1.0,0,1,1,1
348,0,6.0,3,9,1743.0,2,2,1.0,0,0,2.0,3,34.0,0,1,2.0,1,1.0,0,1,1,0
349,2,9.0,4,6,1136.0,4,4,4.0,0,0,3.0,0,32.0,0,2,2.0,2,2.0,0,1,0,0
350,0,9.0,2,4,1236.0,1,1,1.0,4,0,4.0,3,23.0,0,0,1.0,2,1.0,1,1,1,1
351,2,9.0,2,2,959.0,1,2,1.0,4,0,2.0,2,29.0,0,1,1.0,2,1.0,0,0,0,1
352,0,18.0,4,1,3229.0,0,0,2.0,0,0,4.0,0,38.0,0,1,1.0,3,1.0,1,1,1,0
353,1,12.0,0,3,6199.0,1,2,4.0,0,0,2.0,1,28.0,0,0,2.0,2,1.0,1,1,0,0
354,0,10.0,2,6,727.0,3,4,4.0,0,0,4.0,0,46.0,0,2,1.0,2,1.0,1,1,1,0
355,2,24.0,2,0,1246.0,1,1,4.0,0,0,2.0,3,23.0,1,1,1.0,1,1.0,0,1,0,0
356,0,12.0,4,3,2331.0,0,4,1.0,0,1,4.0,3,49.0,0,1,1.0,2,1.0,1,1,1,0
357,0,36.0,3,3,4463.0,1,2,4.0,0,0,2.0,2,26.0,0,1,2.0,3,1.0,1,1,0,0
358,0,12.0,2,3,776.0,1,2,4.0,1,0,2.0,3,28.0,0,1,1.0,2,1.0,0,1,1,0
359,1,30.0,2,2,2406.0,1,3,4.0,4,0,4.0,3,23.0,0,0,1.0,2,1.0,0,1,0,1
360,2,18.0,2,6,1239.0,0,2,4.0,0,0,4.0,0,61.0,0,2,1.0,2,1.0,0,1,1,0
361,3,12.0,2,3,3399.0,0,4,2.0,0,0,3.0,2,37.0,0,1,1.0,3,1.0,0,1,1,0
362,3,12.0,3,0,2247.0,1,2,2.0,4,0,2.0,2,36.0,1,1,2.0,2,1.0,1,1,1,1
363,0,6.0,2,2,1766.0,1,2,1.0,1,0,2.0,1,21.0,0,0,1.0,2,1.0,0,1,1,0
364,1,18.0,2,2,2473.0,1,0,4.0,0,0,1.0,2,25.0,0,1,1.0,0,1.0,0,1,0,0
365,0,12.0,2,9,1542.0,1,3,2.0,0,0,4.0,2,36.0,0,1,1.0,2,1.0,1,1,1,0
366,0,18.0,4,1,3850.0,1,3,3.0,0,0,1.0,2,27.0,0,1,2.0,2,1.0,0,1,1,0
367,1,18.0,2,2,3650.0,1,1,1.0,4,0,4.0,2,22.0,0,0,1.0,2,1.0,0,1,1,1
368,1,36.0,2,2,3446.0,1,4,4.0,0,0,2.0,2,42.0,0,1,1.0,2,2.0,0,1,0,0
369,2,18.0,2,2,3001.0,1,3,2.0,4,0,4.0,3,40.0,0,0,1.0,2,1.0,0,1,1,1
370,0,36.0,2,0,3079.0,0,2,4.0,0,0,4.0,3,36.0,0,1,1.0,2,1.0,0,1,1,0
371,0,18.0,4,3,6070.0,1,4,3.0,0,0,4.0,2,33.0,0,1,2.0,2,1.0,1,1,1,0
372,0,10.0,4,2,2146.0,1,1,1.0,4,0,3.0,3,23.0,0,0,2.0,2,1.0,0,1,1,1
373,0,60.0,4,0,13756.0,0,4,2.0,0,0,4.0,0,63.0,2,2,1.0,3,1.0,1,1,1,0
374,2,60.0,1,10,14782.0,2,4,3.0,4,0,4.0,0,60.0,2,2,2.0,3,1.0,1,1,0,1
375,1,48.0,1,9,7685.0,1,3,2.0,4,2,4.0,2,37.0,0,0,1.0,2,1.0,0,1,0,1
376,0,18.0,3,3,2320.0,1,0,2.0,1,0,3.0,3,34.0,0,1,2.0,2,1.0,0,1,1,0
377,0,7.0,3,3,846.0,0,4,3.0,0,0,4.0,0,36.0,0,2,1.0,2,1.0,0,1,1,0
378,2,36.0,2,0,14318.0,1,4,4.0,0,0,2.0,0,57.0,0,2,1.0,3,1.0,1,1,0,0
379,0,6.0,4,0,362.0,2,2,4.0,4,0,4.0,2,52.0,0,1,2.0,1,1.0,0,1,1,1
380,1,20.0,2,2,2212.0,0,3,4.0,0,0,4.0,2,39.0,0,1,1.0,2,1.0,1,1,1,0
381,2,18.0,2,1,12976.0,1,0,3.0,4,0,4.0,0,38.0,0,2,1.0,3,1.0,1,1,0,1
382,0,22.0,2,0,1283.0,0,3,4.0,4,0,4.0,1,25.0,0,0,1.0,2,1.0,0,1,1,1
383,3,12.0,2,0,1330.0,1,1,4.0,0,0,1.0,3,26.0,0,1,1.0,2,1.0,0,1,1,0
384,0,30.0,3,9,4272.0,2,2,2.0,0,0,2.0,1,26.0,0,1,2.0,1,1.0,0,1,1,0
385,0,18.0,4,3,2238.0,1,2,2.0,4,0,1.0,2,25.0,0,1,2.0,2,1.0,0,1,1,1
386,0,18.0,2,3,1126.0,0,1,4.0,4,0,2.0,3,21.0,0,0,1.0,2,1.0,1,1,1,1
387,2,18.0,4,2,7374.0,1,0,4.0,0,0,4.0,1,40.0,1,1,2.0,3,1.0,1,1,1,0
388,2,15.0,4,9,2326.0,3,2,2.0,0,0,4.0,2,27.0,2,1,1.0,2,1.0,0,1,1,0
389,0,9.0,2,9,1449.0,1,3,3.0,4,0,2.0,2,27.0,0,1,2.0,2,1.0,0,1,1,1
390,0,18.0,2,0,1820.0,1,2,2.0,1,0,2.0,1,30.0,0,1,1.0,3,1.0,1,1,1,0
391,2,12.0,2,2,983.0,4,1,1.0,4,0,4.0,3,19.0,0,0,1.0,1,1.0,0,1,1,1
392,1,36.0,2,0,3249.0,1,3,2.0,0,0,4.0,0,39.0,2,2,1.0,3,2.0,1,1,1,0
393,1,6.0,4,3,1957.0,1,3,1.0,4,0,4.0,2,31.0,0,1,1.0,2,1.0,0,1,1,1
394,0,9.0,4,2,2406.0,1,0,2.0,0,0,3.0,2,31.0,0,1,1.0,3,1.0,0,1,1,0
395,2,39.0,3,6,11760.0,2,3,2.0,0,0,3.0,0,32.0,0,0,1.0,2,1.0,1,1,1,0
396,1,12.0,2,2,2578.0,1,0,3.0,4,0,4.0,0,55.0,0,2,1.0,3,1.0,0,1,1,1
397,1,36.0,4,2,2348.0,1,2,3.0,1,0,2.0,1,46.0,0,1,2.0,2,1.0,1,1,1,0
398,2,12.0,2,0,1223.0,1,4,1.0,2,0,1.0,3,46.0,0,0,2.0,2,1.0,0,1,0,0
399,0,24.0,4,3,1516.0,4,2,4.0,4,0,1.0,3,43.0,0,1,2.0,1,1.0,0,1,1,1
400,0,18.0,2,3,1473.0,1,1,3.0,1,0,4.0,3,39.0,0,1,1.0,2,1.0,1,1,1,0
401,2,18.0,4,9,1887.0,0,2,4.0,1,0,4.0,3,28.0,2,1,2.0,2,1.0,0,1,1,0
402,0,24.0,3,9,8648.0,1,1,2.0,0,0,2.0,2,27.0,2,1,2.0,2,1.0,1,1,0,0
403,0,14.0,3,0,802.0,1,2,4.0,0,0,2.0,2,27.0,0,1,2.0,1,1.0,0,1,1,0
404,2,18.0,3,0,2899.0,0,4,4.0,0,0,4.0,2,43.0,0,1,1.0,2,2.0,0,1,1,0
405,2,24.0,2,3,2039.0,1,1,1.0,1,0,1.0,1,22.0,0,1,1.0,2,1.0,1,1,0,0
406,0,24.0,4,1,2197.0,0,3,4.0,0,0,4.0,2,43.0,0,1,2.0,2,2.0,1,1,1,0
407,1,15.0,2,3,1053.0,1,1,4.0,1,0,2.0,3,27.0,0,1,1.0,2,1.0,0,0,1,0
408,0,24.0,2,3,3235.0,3,4,3.0,2,0,2.0,2,26.0,0,1,1.0,3,1.0,1,1,1,0
409,3,12.0,4,0,939.0,3,3,4.0,1,0,2.0,3,28.0,0,1,3.0,2,1.0,1,1,0,0
410,2,24.0,2,3,1967.0,1,4,4.0,4,0,4.0,2,20.0,0,1,1.0,2,1.0,1,1,1,1
411,0,33.0,4,1,7253.0,1,3,3.0,0,0,2.0,2,35.0,0,1,2.0,3,1.0,1,1,1,0
412,0,12.0,4,9,2292.0,1,0,4.0,0,0,2.0,2,42.0,1,1,2.0,3,1.0,1,1,0,0
413,0,10.0,2,0,1597.0,3,2,3.0,0,0,2.0,0,40.0,0,0,1.0,1,2.0,0,0,1,0
414,1,24.0,2,0,1381.0,0,2,4.0,4,0,2.0,1,35.0,0,1,1.0,2,1.0,0,1,0,1
415,0,36.0,4,1,5842.0,1,4,2.0,0,0,2.0,1,35.0,0,1,2.0,2,2.0,1,1,1,0
416,1,12.0,2,0,2579.0,1,1,4.0,0,0,1.0,3,33.0,0,1,1.0,1,2.0,0,1,0,0
417,1,18.0,3,6,8471.0,0,2,1.0,4,0,2.0,2,23.0,0,0,2.0,2,1.0,1,1,1,1
418,0,21.0,2,0,2782.0,3,3,1.0,4,0,2.0,2,31.0,2,1,1.0,3,1.0,0,1,1,1
419,2,18.0,2,0,1042.0,0,2,4.0,4,0,2.0,1,33.0,0,1,1.0,2,1.0,0,1,0,1
420,0,15.0,2,0,3186.0,4,3,2.0,4,0,3.0,2,20.0,0,0,1.0,2,1.0,0,1,1,1
421,2,12.0,2,1,2028.0,0,2,4.0,0,0,2.0,2,30.0,0,1,1.0,2,1.0,0,1,1,0
422,2,12.0,4,0,958.0,1,3,2.0,0,0,3.0,3,47.0,0,1,2.0,1,2.0,0,1,1,0
423,0,21.0,3,2,1591.0,2,3,4.0,0,0,3.0,3,34.0,0,1,2.0,3,1.0,0,1,1,0
424,2,12.0,2,2,2762.0,0,4,1.0,4,0,2.0,1,25.0,2,1,1.0,2,1.0,1,1,0,1
425,2,18.0,2,1,2779.0,1,2,1.0,1,0,3.0,2,21.0,0,0,1.0,2,1.0,1,1,1,0
426,0,28.0,4,3,2743.0,1,4,4.0,0,0,2.0,2,29.0,0,1,2.0,2,1.0,0,1,1,0
427,0,18.0,4,3,1149.0,4,2,4.0,0,0,3.0,3,46.0,0,1,2.0,2,1.0,0,1,1,0
428,0,9.0,2,2,1313.0,1,4,1.0,0,0,4.0,2,20.0,0,1,1.0,2,1.0,0,1,1,0
429,1,18.0,4,5,1190.0,1,0,2.0,4,0,4.0,0,55.0,0,2,3.0,0,2.0,0,1,0,1
430,0,5.0,2,9,3448.0,1,3,1.0,0,0,4.0,3,74.0,0,1,1.0,1,1.0,0,1,1,0
431,2,24.0,2,10,11328.0,1,2,2.0,0,1,3.0,2,29.0,2,1,2.0,3,1.0,1,1,0,0
432,1,6.0,4,2,1872.0,1,0,4.0,0,0,4.0,0,36.0,0,2,3.0,3,1.0,1,1,1,0
433,0,24.0,4,5,2058.0,1,2,4.0,2,0,2.0,3,33.0,0,1,2.0,2,1.0,1,1,1,0
434,1,9.0,2,2,2136.0,1,2,3.0,0,0,2.0,3,25.0,0,1,1.0,2,1.0,0,1,1,0
435,2,12.0,2,3,1484.0,0,2,2.0,1,0,1.0,3,25.0,0,1,1.0,2,1.0,1,1,0,0
436,0,6.0,2,5,660.0,3,3,2.0,1,0,4.0,3,23.0,0,0,1.0,1,1.0,0,1,1,0
437,0,24.0,4,0,1287.0,4,4,4.0,4,0,4.0,3,37.0,0,1,2.0,2,1.0,1,1,1,1
438,1,42.0,4,5,3394.0,1,0,4.0,0,1,4.0,2,65.0,0,1,2.0,0,1.0,0,1,1,0
439,3,12.0,1,9,609.0,1,1,4.0,4,0,1.0,3,26.0,0,1,1.0,0,1.0,0,1,0,1
440,0,12.0,2,0,1884.0,1,4,4.0,0,0,4.0,2,39.0,0,1,1.0,3,1.0,1,1,1,0
441,1,12.0,2,2,1620.0,1,2,2.0,4,1,3.0,1,30.0,0,1,1.0,2,1.0,0,1,1,1
442,2,20.0,3,10,2629.0,1,2,2.0,0,0,3.0,2,29.0,2,1,2.0,2,1.0,1,1,1,0
443,0,12.0,2,6,719.0,1,4,4.0,0,0,4.0,2,41.0,2,1,1.0,1,2.0,0,1,0,0
444,2,48.0,4,2,5096.0,1,2,2.0,4,0,3.0,2,30.0,0,1,1.0,3,1.0,1,1,0,1
445,0,9.0,4,6,1244.0,0,4,4.0,4,0,4.0,1,41.0,0,0,2.0,1,1.0,0,1,1,1
446,1,36.0,2,0,1842.0,1,1,4.0,4,0,4.0,2,34.0,0,1,1.0,2,1.0,1,1,0,1
447,2,7.0,2,3,2576.0,1,2,2.0,0,2,2.0,3,35.0,0,1,1.0,2,1.0,0,1,1,0
448,3,12.0,2,2,1424.0,0,4,3.0,4,0,4.0,3,55.0,0,1,1.0,3,1.0,1,1,1,1
449,2,15.0,3,5,1512.0,4,2,3.0,1,0,3.0,1,61.0,1,1,2.0,2,1.0,0,1,0,0
450,0,36.0,4,1,11054.0,0,2,4.0,0,0,2.0,2,30.0,0,1,1.0,3,1.0,1,1,1,0
451,0,6.0,2,3,518.0,1,2,3.0,4,0,1.0,3,29.0,0,1,1.0,2,1.0,0,1,1,1
452,0,12.0,0,2,2759.0,1,4,2.0,0,0,4.0,1,34.0,0,1,2.0,2,1.0,0,1,1,0
453,0,24.0,2,1,2670.0,1,4,4.0,0,0,4.0,2,35.0,0,1,1.0,3,1.0,1,1,1,0
454,1,24.0,2,0,4817.0,1,3,2.0,0,1,3.0,1,31.0,0,1,1.0,2,1.0,1,1,0,0
455,0,24.0,2,1,2679.0,1,1,4.0,4,0,1.0,0,29.0,0,1,1.0,3,1.0,1,1,1,1
456,1,11.0,4,0,3905.0,1,2,2.0,0,0,2.0,3,36.0,0,0,2.0,2,2.0,0,1,1,0
457,1,12.0,2,1,3386.0,1,4,3.0,0,0,4.0,0,35.0,0,2,1.0,2,1.0,1,1,0,0
458,1,6.0,2,4,343.0,1,1,4.0,4,0,1.0,3,27.0,0,1,1.0,2,1.0,0,1,1,1
459,0,18.0,2,3,4594.0,1,1,3.0,0,0,2.0,2,32.0,0,1,1.0,2,1.0,1,1,1,0
460,1,36.0,2,2,3620.0,1,2,1.0,0,2,2.0,1,37.0,0,1,1.0,2,2.0,0,1,1,0
461,1,15.0,2,0,1721.0,1,1,2.0,0,0,3.0,3,36.0,0,1,1.0,2,1.0,0,1,1,0
462,2,12.0,2,2,3017.0,1,1,3.0,4,0,1.0,3,34.0,0,0,1.0,3,1.0,0,1,1,1
463,2,12.0,2,8,754.0,0,4,4.0,0,0,4.0,1,38.0,0,1,2.0,2,1.0,0,1,1,0
464,0,18.0,2,9,1950.0,1,3,4.0,0,0,1.0,2,34.0,1,1,2.0,2,1.0,1,1,1,0
465,1,24.0,2,1,2924.0,1,2,3.0,0,2,4.0,0,63.0,2,1,1.0,2,2.0,1,1,1,0
466,1,24.0,3,3,1659.0,1,1,4.0,4,0,2.0,2,29.0,0,0,1.0,1,1.0,1,1,0,1
467,0,48.0,3,3,7238.0,0,4,3.0,0,0,3.0,2,32.0,2,1,2.0,2,2.0,0,1,1,0
468,0,33.0,3,9,2764.0,1,2,2.0,4,0,2.0,2,26.0,0,1,2.0,2,1.0,1,1,1,1
469,0,24.0,3,1,4679.0,1,3,3.0,0,0,3.0,2,35.0,0,1,2.0,1,1.0,1,1,1,0
470,2,24.0,2,3,3092.0,2,1,3.0,1,0,2.0,2,22.0,0,0,1.0,2,1.0,1,1,0,0
471,1,6.0,2,6,448.0,1,1,4.0,4,0,4.0,1,23.0,0,1,1.0,2,1.0,0,1,0,1
472,1,9.0,2,0,654.0,1,2,4.0,0,0,3.0,2,28.0,0,1,1.0,1,1.0,0,1,0,0
473,0,6.0,2,8,1238.0,0,0,4.0,0,0,4.0,1,36.0,0,1,1.0,3,2.0,1,1,1,0
474,2,18.0,4,3,1245.0,1,2,4.0,1,0,2.0,2,33.0,0,1,1.0,2,1.0,0,1,0,0
475,1,18.0,0,2,3114.0,1,1,1.0,4,0,4.0,1,26.0,0,0,1.0,2,1.0,0,1,0,1
476,0,39.0,2,1,2569.0,3,2,4.0,0,0,4.0,2,24.0,0,1,1.0,2,1.0,0,1,1,0
477,3,24.0,2,3,5152.0,1,3,4.0,0,0,2.0,2,25.0,2,1,1.0,2,1.0,0,1,1,0
478,2,12.0,2,9,1037.0,2,3,3.0,0,0,4.0,3,39.0,0,1,1.0,1,1.0,0,1,1,0
479,1,15.0,4,2,1478.0,1,4,4.0,0,0,4.0,2,44.0,0,1,2.0,2,2.0,1,1,1,0
480,2,12.0,4,3,3573.0,1,2,1.0,4,0,1.0,3,23.0,0,1,1.0,1,1.0,0,1,1,1
481,2,24.0,2,0,1201.0,1,1,4.0,0,0,1.0,1,26.0,0,1,1.0,2,1.0,0,1,1,0
482,1,30.0,2,2,3622.0,4,4,4.0,4,0,4.0,1,57.0,0,0,2.0,2,1.0,1,1,1,1
483,0,15.0,3,2,960.0,4,3,3.0,4,0,2.0,1,30.0,0,1,2.0,2,1.0,0,1,1,1
484,0,12.0,4,0,1163.0,3,2,4.0,0,0,4.0,3,44.0,0,1,1.0,2,1.0,1,1,1,0
485,2,6.0,3,0,1209.0,1,0,4.0,0,0,4.0,1,47.0,0,1,1.0,3,1.0,1,1,0,0
486,0,12.0,2,3,3077.0,1,2,2.0,0,0,4.0,2,52.0,0,1,1.0,2,1.0,1,1,1,0
487,0,24.0,2,0,3757.0,1,4,4.0,4,1,4.0,0,62.0,0,2,1.0,2,1.0,1,1,1,1
488,0,10.0,2,0,1418.0,2,2,3.0,0,0,2.0,3,35.0,0,0,1.0,1,1.0,0,0,1,0
489,0,6.0,2,0,3518.0,1,2,2.0,0,2,3.0,1,26.0,0,0,1.0,2,1.0,0,1,1,0
490,0,12.0,4,3,1934.0,1,4,2.0,0,0,2.0,0,26.0,0,1,2.0,2,1.0,0,1,1,0
491,2,27.0,0,9,8318.0,1,4,2.0,4,0,4.0,0,42.0,0,2,2.0,3,1.0,1,1,0,1
492,0,6.0,4,3,1237.0,2,2,1.0,4,0,1.0,1,27.0,0,1,2.0,2,1.0,0,1,1,1
493,2,6.0,2,3,368.0,0,4,4.0,0,0,4.0,1,38.0,0,1,1.0,2,1.0,0,1,1,0
494,1,12.0,4,0,2122.0,1,2,3.0,0,0,2.0,3,39.0,0,0,2.0,1,2.0,0,0,1,0
495,1,24.0,2,2,2996.0,0,2,2.0,1,0,4.0,2,20.0,0,1,1.0,2,1.0,0,1,0,0
496,2,36.0,2,2,9034.0,2,1,4.0,0,1,1.0,0,29.0,0,0,1.0,3,1.0,1,1,0,0
497,0,24.0,4,2,1585.0,1,3,4.0,0,0,3.0,1,40.0,0,1,2.0,2,1.0,0,1,1,0
498,2,18.0,2,3,1301.0,1,4,4.0,1,2,2.0,3,32.0,0,1,1.0,1,1.0,0,1,1,0
499,3,6.0,4,0,1323.0,2,4,2.0,2,0,4.0,2,28.0,0,1,2.0,2,2.0,1,1,1,0
500,1,24.0,2,0,3123.0,1,1,4.0,4,0,1.0,1,27.0,0,1,1.0,2,1.0,0,1,0,1
501,1,36.0,2,1,5493.0,1,4,2.0,0,0,4.0,0,42.0,0,2,1.0,2,2.0,0,1,1,0
502,3,9.0,2,3,1126.0,2,4,2.0,2,0,4.0,3,49.0,0,1,1.0,2,1.0,0,1,1,0
503,2,24.0,4,3,1216.0,2,1,4.0,0,0,4.0,0,38.0,2,1,2.0,2,2.0,0,1,0,0
504,1,24.0,2,0,1207.0,1,1,4.0,4,0,4.0,1,24.0,0,0,1.0,2,1.0,0,1,0,1
505,0,10.0,2,0,1309.0,0,2,4.0,0,2,4.0,1,27.0,0,1,1.0,1,1.0,0,1,0,0
506,3,15.0,4,1,2360.0,3,2,2.0,0,0,2.0,2,36.0,0,1,1.0,2,1.0,1,1,1,0
507,2,15.0,1,0,6850.0,2,0,1.0,0,0,2.0,1,34.0,0,1,1.0,3,2.0,1,1,0,0
508,0,24.0,2,3,1413.0,1,2,4.0,1,0,2.0,1,28.0,0,1,1.0,2,1.0,0,1,1,0
509,0,39.0,2,1,8588.0,2,4,4.0,0,0,2.0,2,45.0,0,1,1.0,3,1.0,1,1,1,0
510,1,12.0,2,0,759.0,1,3,4.0,0,0,2.0,3,26.0,0,1,1.0,2,1.0,0,1,0,0
511,0,36.0,2,1,4686.0,1,2,2.0,0,0,2.0,0,32.0,0,2,1.0,3,1.0,1,1,1,0
512,3,15.0,2,9,2687.0,1,3,2.0,0,0,4.0,1,26.0,0,0,1.0,2,1.0,1,1,1,0
513,2,12.0,3,3,585.0,1,2,4.0,1,1,4.0,3,20.0,0,0,2.0,2,1.0,0,1,1,0
514,0,24.0,2,0,2255.0,0,1,4.0,0,0,1.0,1,54.0,0,1,1.0,2,1.0,0,1,1,0
515,1,6.0,4,0,609.0,1,3,4.0,4,0,3.0,1,37.0,0,1,2.0,2,1.0,0,0,1,1
516,1,6.0,4,0,1361.0,1,1,2.0,0,0,4.0,3,40.0,0,1,1.0,1,2.0,0,0,1,0
517,0,36.0,4,2,7127.0,1,1,2.0,4,0,4.0,1,23.0,0,0,2.0,2,1.0,1,1,0,1
518,1,6.0,2,0,1203.0,2,4,3.0,0,0,2.0,1,43.0,0,1,1.0,2,1.0,1,1,1,0
519,0,6.0,4,3,700.0,0,4,4.0,0,0,4.0,0,36.0,0,2,2.0,2,1.0,0,1,1,0
520,0,24.0,4,5,5507.0,1,4,3.0,0,0,4.0,0,44.0,0,2,2.0,2,1.0,0,1,1,0
521,1,18.0,2,3,3190.0,1,2,2.0,4,0,2.0,3,24.0,0,1,1.0,2,1.0,0,1,0,1
522,1,48.0,0,2,7119.0,1,2,3.0,0,0,4.0,0,53.0,0,2,2.0,2,2.0,0,1,0,0
523,0,24.0,2,1,3488.0,2,3,3.0,4,0,4.0,2,23.0,0,1,1.0,2,1.0,0,1,1,1
524,2,18.0,2,3,1113.0,1,2,4.0,4,2,4.0,3,26.0,0,1,1.0,1,2.0,0,1,1,1
525,2,26.0,2,1,7966.0,1,1,2.0,0,0,3.0,2,30.0,0,1,2.0,2,1.0,0,1,1,0
526,0,15.0,4,6,1532.0,2,2,4.0,4,0,3.0,2,31.0,0,1,1.0,2,1.0,0,1,1,1
527,0,4.0,4,3,1503.0,1,3,2.0,0,0,1.0,3,42.0,0,1,2.0,1,2.0,0,1,1,0
528,1,36.0,2,3,2302.0,1,2,4.0,2,0,4.0,2,31.0,0,0,1.0,2,1.0,0,1,0,0
529,1,6.0,2,0,662.0,1,1,3.0,0,0,4.0,3,41.0,0,1,1.0,1,2.0,1,1,1,0
530,2,36.0,2,6,2273.0,1,3,3.0,0,0,1.0,2,32.0,0,1,2.0,2,2.0,0,1,1,0
531,2,15.0,2,0,2631.0,2,2,2.0,4,0,4.0,2,28.0,0,0,2.0,2,1.0,1,1,0,1
532,0,12.0,3,1,1503.0,1,2,4.0,1,0,4.0,3,41.0,0,0,1.0,2,1.0,0,1,1,0
533,0,24.0,2,3,1311.0,2,3,4.0,1,0,3.0,1,26.0,0,1,1.0,2,1.0,1,1,1,0
534,0,24.0,2,3,3105.0,0,1,4.0,0,0,2.0,2,25.0,0,1,2.0,2,1.0,0,1,1,0
535,3,21.0,4,6,2319.0,1,1,2.0,2,0,1.0,2,33.0,0,0,1.0,2,1.0,0,1,0,0
536,1,6.0,2,0,1374.0,0,0,4.0,4,0,3.0,1,75.0,0,1,1.0,3,1.0,1,1,1,1
537,2,18.0,4,2,3612.0,1,4,3.0,4,0,4.0,1,37.0,0,1,1.0,2,1.0,1,1,1,1
538,1,48.0,2,0,7763.0,1,4,4.0,0,0,4.0,0,42.0,2,2,1.0,3,1.0,0,1,0,0
539,3,18.0,2,2,3049.0,1,1,1.0,4,0,1.0,1,45.0,1,1,1.0,1,1.0,0,1,1,1
540,2,12.0,2,3,1534.0,1,1,1.0,1,0,1.0,3,23.0,0,0,1.0,2,1.0,0,1,0,0
541,0,24.0,3,0,2032.0,1,4,4.0,0,0,4.0,0,60.0,0,2,2.0,2,1.0,1,1,1,0
542,1,30.0,2,2,6350.0,0,4,4.0,0,0,4.0,1,31.0,0,1,1.0,2,1.0,0,1,0,0
543,3,18.0,2,2,2864.0,1,2,2.0,0,0,1.0,3,34.0,0,1,1.0,1,2.0,0,1,0,0
544,0,12.0,4,0,1255.0,1,4,4.0,0,0,4.0,3,61.0,0,1,2.0,1,1.0,0,1,1,0
545,1,24.0,3,0,1333.0,1,0,4.0,0,0,2.0,3,43.0,0,2,2.0,2,2.0,0,1,0,0
546,0,24.0,4,0,2022.0,1,2,4.0,4,0,4.0,2,37.0,0,1,1.0,2,1.0,1,1,1,1
547,0,24.0,2,3,1552.0,1,3,3.0,0,0,1.0,2,32.0,2,1,1.0,2,2.0,0,1,1,0
548,1,12.0,1,3,626.0,1,2,4.0,4,0,4.0,3,24.0,2,1,1.0,1,1.0,0,1,0,1
549,0,48.0,4,1,8858.0,0,3,2.0,0,0,1.0,0,35.0,0,2,2.0,2,1.0,1,1,1,0
550,0,12.0,4,5,996.0,0,3,4.0,4,0,4.0,3,23.0,0,1,2.0,2,1.0,0,1,1,1
551,0,6.0,1,3,1750.0,3,4,2.0,0,0,4.0,1,45.0,2,1,1.0,1,2.0,0,1,1,0
552,1,48.0,2,3,6999.0,1,3,1.0,1,2,1.0,3,34.0,0,1,2.0,2,1.0,1,1,0,0
553,2,12.0,4,0,1995.0,2,1,4.0,0,0,1.0,2,27.0,0,1,1.0,2,1.0,0,1,1,0
554,2,9.0,2,6,1199.0,1,3,4.0,4,0,4.0,1,67.0,0,1,2.0,3,1.0,1,1,1,1
555,2,12.0,2,3,1331.0,1,1,2.0,0,0,1.0,2,22.0,1,1,1.0,2,1.0,0,1,0,0
556,2,18.0,0,0,2278.0,2,1,3.0,4,0,3.0,2,28.0,0,1,2.0,2,1.0,0,1,0,1
557,0,21.0,0,0,5003.0,0,2,1.0,4,0,4.0,1,29.0,2,1,2.0,2,1.0,1,1,0,1
558,1,24.0,1,2,3552.0,1,3,3.0,0,0,4.0,2,27.0,2,1,1.0,2,1.0,0,1,0,0
559,2,18.0,4,2,1928.0,1,1,2.0,0,0,2.0,3,31.0,0,1,2.0,1,1.0,0,1,0,0
560,1,24.0,2,1,2964.0,0,4,4.0,0,0,4.0,0,49.0,2,2,1.0,2,2.0,1,1,1,0
561,1,24.0,1,3,1546.0,1,3,4.0,0,2,4.0,2,24.0,2,0,1.0,1,1.0,0,1,0,0
562,3,6.0,3,3,683.0,1,1,2.0,4,0,1.0,1,29.0,2,1,1.0,2,1.0,0,1,1,1
563,2,36.0,2,0,12389.0,0,2,1.0,0,0,4.0,0,37.0,0,2,1.0,2,1.0,1,1,0,0
564,2,24.0,3,9,4712.0,0,2,4.0,0,0,2.0,1,37.0,2,1,2.0,3,1.0,1,1,1,0
565,2,24.0,3,3,1553.0,2,3,3.0,4,0,2.0,1,23.0,0,0,2.0,2,1.0,1,1,1,1
566,1,12.0,2,0,1372.0,1,3,2.0,2,0,3.0,2,36.0,0,1,1.0,2,1.0,0,1,0,0
567,0,24.0,4,3,2578.0,4,4,2.0,0,0,2.0,2,34.0,0,1,1.0,2,1.0,0,1,1,0
568,2,48.0,2,3,3979.0,0,3,4.0,0,0,1.0,2,41.0,0,1,2.0,2,2.0,1,1,1,0
569,1,48.0,2,3,6758.0,1,2,3.0,4,0,2.0,2,31.0,0,1,1.0,2,1.0,1,1,0,1
570,1,24.0,2,2,3234.0,1,1,4.0,4,0,4.0,3,23.0,0,0,1.0,1,1.0,1,1,0,1
571,0,30.0,4,3,5954.0,1,3,3.0,0,1,2.0,2,38.0,0,1,1.0,2,1.0,0,1,1,0
572,0,24.0,2,1,5433.0,0,0,2.0,4,0,4.0,1,26.0,0,0,1.0,3,1.0,1,1,1,1
573,1,15.0,2,9,806.0,1,2,4.0,4,0,4.0,1,22.0,0,1,1.0,1,1.0,0,1,1,1
574,2,9.0,2,3,1082.0,1,4,4.0,0,0,4.0,2,27.0,0,1,2.0,1,1.0,0,1,1,0
575,0,15.0,4,2,2788.0,1,3,2.0,4,1,3.0,2,24.0,2,1,2.0,2,1.0,0,1,1,1
576,2,12.0,2,3,2930.0,1,3,2.0,4,0,1.0,3,27.0,0,1,1.0,2,1.0,0,1,1,1
577,0,24.0,4,6,1927.0,0,2,3.0,4,0,2.0,2,33.0,0,1,2.0,2,1.0,1,1,1,1
578,2,36.0,4,0,2820.0,1,1,4.0,2,0,4.0,2,27.0,0,1,2.0,2,1.0,0,1,0,0
579,0,24.0,2,8,937.0,1,1,4.0,1,0,3.0,2,27.0,0,1,2.0,1,1.0,0,1,1,0
580,2,18.0,4,0,1056.0,1,4,3.0,0,2,3.0,3,30.0,2,1,2.0,2,1.0,0,1,0,0
581,2,12.0,4,0,3124.0,1,1,1.0,0,0,3.0,3,49.0,2,1,2.0,1,2.0,0,1,1,0
582,0,9.0,2,2,1388.0,1,2,4.0,4,0,2.0,3,26.0,0,0,1.0,2,1.0,0,1,1,1
583,2,36.0,2,5,2384.0,1,1,4.0,0,0,1.0,0,33.0,0,0,1.0,1,1.0,0,1,0,0
584,0,12.0,2,0,2133.0,0,4,4.0,4,0,4.0,0,52.0,0,2,1.0,3,1.0,1,1,1,1
585,1,18.0,2,2,2039.0,1,2,1.0,4,0,4.0,3,20.0,2,0,1.0,2,1.0,0,1,0,1
586,1,9.0,4,0,2799.0,1,2,2.0,0,0,2.0,3,36.0,0,0,2.0,2,2.0,0,1,1,0
587,1,12.0,2,2,1289.0,1,2,4.0,0,2,1.0,1,21.0,0,1,1.0,1,1.0,0,1,1,0
588,1,18.0,2,4,1217.0,1,2,4.0,1,0,3.0,3,47.0,0,1,1.0,1,1.0,1,1,0,0
589,1,12.0,4,2,2246.0,1,4,3.0,0,0,3.0,1,60.0,0,1,2.0,2,1.0,0,1,0,0
590,1,12.0,4,3,385.0,1,3,4.0,4,0,3.0,3,58.0,0,1,4.0,1,1.0,1,1,1,1
591,2,24.0,3,0,1965.0,0,2,4.0,4,0,4.0,2,42.0,0,0,2.0,2,1.0,1,1,1,1
592,0,21.0,2,9,1572.0,4,4,4.0,4,0,4.0,3,36.0,2,1,1.0,1,1.0,0,1,1,1
593,2,24.0,2,0,2718.0,1,2,3.0,4,0,4.0,1,20.0,0,0,1.0,1,1.0,1,1,0,1
594,1,24.0,1,10,1358.0,0,4,4.0,0,0,3.0,2,40.0,1,1,1.0,3,1.0,1,1,0,0
595,2,6.0,1,0,931.0,2,1,1.0,4,0,1.0,1,32.0,1,1,1.0,1,1.0,0,1,0,1
596,1,24.0,2,0,1442.0,1,3,4.0,4,0,4.0,2,23.0,0,0,2.0,2,1.0,0,1,0,1
597,2,24.0,0,9,4241.0,1,2,1.0,0,0,4.0,3,36.0,0,1,3.0,1,1.0,1,1,0,0
598,0,18.0,4,0,2775.0,1,3,2.0,0,0,2.0,1,31.0,2,1,2.0,2,1.0,0,1,0,0
599,0,24.0,3,9,3863.0,1,2,1.0,0,0,2.0,0,32.0,0,2,1.0,2,1.0,0,1,1,0
600,2,7.0,2,3,2329.0,1,1,1.0,4,2,1.0,3,45.0,0,1,1.0,2,1.0,0,1,1,1
601,2,9.0,2,2,918.0,1,2,4.0,4,0,1.0,1,30.0,0,1,1.0,2,1.0,0,1,0,1
602,2,24.0,1,6,1837.0,1,3,4.0,4,0,4.0,0,34.0,2,2,1.0,1,1.0,0,1,0,1
603,0,36.0,2,2,3349.0,1,2,4.0,4,0,2.0,2,28.0,0,1,1.0,3,1.0,1,1,0,1
604,3,10.0,2,2,1275.0,1,1,4.0,4,0,2.0,1,23.0,0,1,1.0,2,1.0,0,1,1,1
605,1,24.0,1,2,2828.0,3,2,4.0,0,0,4.0,3,22.0,1,1,1.0,2,1.0,1,1,1,0
606,0,24.0,4,9,4526.0,1,2,3.0,0,0,2.0,3,74.0,0,1,1.0,3,1.0,1,1,1,0
607,2,36.0,2,3,2671.0,2,2,4.0,4,1,4.0,0,50.0,0,2,1.0,2,1.0,0,1,0,1
608,0,18.0,2,3,2051.0,1,1,4.0,0,0,1.0,3,33.0,0,1,1.0,2,1.0,0,1,1,0
609,0,15.0,2,1,1300.0,0,4,4.0,0,0,4.0,0,45.0,2,2,1.0,2,2.0,0,1,1,0
610,1,12.0,2,4,741.0,2,0,4.0,4,0,3.0,1,22.0,0,1,1.0,2,1.0,0,1,0,1
611,3,10.0,2,0,1240.0,2,4,1.0,4,0,4.0,0,48.0,0,2,1.0,1,2.0,0,1,0,1
612,1,21.0,2,3,3357.0,4,1,4.0,4,0,2.0,2,29.0,2,1,1.0,2,1.0,0,1,1,1
613,1,24.0,1,1,3632.0,1,2,1.0,4,2,4.0,2,22.0,2,0,1.0,2,1.0,0,0,1,1
614,0,18.0,3,2,1808.0,1,3,4.0,4,0,1.0,3,22.0,0,1,1.0,2,1.0,0,1,0,1
615,2,48.0,0,9,12204.0,0,2,2.0,0,0,2.0,2,48.0,2,1,1.0,3,1.0,1,1,1,0
616,2,60.0,3,3,9157.0,0,2,2.0,0,0,2.0,0,27.0,0,2,1.0,3,1.0,0,1,1,0
617,1,6.0,4,0,3676.0,1,2,1.0,0,0,3.0,3,37.0,0,0,3.0,2,2.0,0,1,1,0
618,2,30.0,2,2,3441.0,2,2,2.0,4,1,4.0,2,21.0,0,0,1.0,2,1.0,0,1,0,1
619,0,12.0,2,0,640.0,1,2,4.0,2,0,2.0,3,49.0,0,1,1.0,1,1.0,0,1,1,0
620,2,21.0,4,9,3652.0,1,3,2.0,0,0,3.0,1,27.0,0,1,2.0,2,1.0,0,1,1,0
621,0,18.0,4,0,1530.0,1,2,3.0,0,0,2.0,1,32.0,2,1,2.0,2,1.0,0,1,0,0
622,0,48.0,2,9,3914.0,0,2,4.0,2,0,2.0,3,38.0,2,1,1.0,2,1.0,0,1,0,0
623,1,12.0,2,2,1858.0,1,1,4.0,4,0,1.0,2,22.0,0,0,1.0,2,1.0,0,1,1,1
624,1,18.0,2,3,2600.0,1,2,4.0,0,0,4.0,0,65.0,0,2,2.0,2,1.0,0,1,0,0
625,0,15.0,2,3,1979.0,0,4,4.0,0,0,2.0,2,35.0,0,1,1.0,2,1.0,0,1,1,0
626,3,6.0,2,2,2116.0,1,2,2.0,0,0,2.0,3,41.0,0,1,1.0,2,1.0,1,1,1,0
627,2,9.0,1,0,1437.0,2,3,2.0,0,0,3.0,0,29.0,0,1,1.0,2,1.0,0,1,0,0
628,0,42.0,4,2,4042.0,3,2,4.0,0,0,4.0,3,36.0,0,1,2.0,2,1.0,1,1,1,0
629,0,9.0,2,6,3832.0,0,4,1.0,0,0,4.0,3,64.0,0,1,1.0,1,1.0,0,1,1,0
630,1,24.0,2,3,3660.0,1,2,2.0,4,0,4.0,2,28.0,0,1,1.0,2,1.0,0,1,1,1
631,1,18.0,1,2,1553.0,1,2,4.0,0,0,3.0,2,44.0,2,1,1.0,2,1.0,0,1,0,0
632,2,15.0,2,3,1444.0,0,1,4.0,0,0,1.0,1,23.0,0,1,1.0,2,1.0,0,1,1,0
633,0,9.0,2,2,1980.0,1,1,2.0,4,1,2.0,2,19.0,0,0,2.0,2,1.0,0,1,0,1
634,2,24.0,2,0,1355.0,1,1,3.0,4,0,4.0,2,25.0,0,1,1.0,1,1.0,1,1,0,1
635,0,12.0,2,6,1393.0,1,4,4.0,0,0,4.0,1,47.0,2,1,3.0,2,2.0,1,1,1,0
636,0,24.0,2,3,1376.0,3,3,4.0,4,0,1.0,2,28.0,0,1,1.0,2,1.0,0,1,1,1
637,0,60.0,3,3,15653.0,1,3,2.0,0,0,4.0,2,21.0,0,1,2.0,2,1.0,1,1,1,0
638,0,12.0,2,3,1493.0,1,1,4.0,4,0,3.0,2,34.0,0,1,1.0,2,2.0,0,1,1,1
639,1,42.0,3,3,4370.0,1,3,3.0,0,0,2.0,1,26.0,2,1,2.0,2,2.0,1,1,0,0
640,1,18.0,2,6,750.0,1,0,4.0,4,0,1.0,3,27.0,0,1,1.0,0,1.0,0,1,0,1
641,2,15.0,2,5,1308.0,1,4,4.0,0,0,4.0,2,38.0,0,1,2.0,1,1.0,0,1,1,0
642,0,15.0,2,6,4623.0,2,2,3.0,0,0,2.0,1,40.0,0,1,1.0,3,1.0,1,1,0,0
643,0,24.0,4,3,1851.0,1,3,4.0,1,2,2.0,2,33.0,0,1,2.0,2,1.0,1,1,1,0
644,1,18.0,4,3,1880.0,1,3,4.0,1,0,1.0,1,32.0,0,1,2.0,3,1.0,1,1,1,0
645,0,36.0,3,9,7980.0,0,1,4.0,0,0,4.0,2,27.0,0,0,2.0,2,1.0,1,1,0,0
646,1,30.0,0,2,4583.0,1,2,2.0,2,2,2.0,3,32.0,0,1,2.0,2,1.0,0,1,1,0
647,0,12.0,2,0,1386.0,3,2,2.0,4,0,2.0,1,26.0,0,1,1.0,2,1.0,0,1,0,1
648,3,24.0,2,0,947.0,1,3,4.0,0,0,3.0,0,38.0,2,2,1.0,2,2.0,0,1,0,0
649,1,12.0,2,6,684.0,1,2,4.0,0,0,4.0,2,40.0,0,0,1.0,1,2.0,0,1,0,0
650,1,48.0,2,6,7476.0,1,3,4.0,0,0,1.0,0,50.0,0,2,1.0,3,1.0,1,1,1,0
651,2,12.0,2,2,1922.0,1,2,4.0,0,0,2.0,1,37.0,0,1,1.0,1,1.0,0,1,0,0
652,1,24.0,2,0,2303.0,1,4,4.0,0,1,1.0,3,45.0,0,1,1.0,2,1.0,0,1,0,0
653,2,36.0,3,0,8086.0,2,4,2.0,0,0,4.0,2,42.0,0,1,4.0,3,1.0,1,1,0,0
654,0,24.0,4,1,2346.0,1,3,4.0,0,0,3.0,2,35.0,0,1,2.0,2,1.0,1,1,1,0
655,1,14.0,2,0,3973.0,1,0,1.0,0,0,4.0,0,22.0,0,2,1.0,2,1.0,0,1,1,0
656,2,12.0,2,0,888.0,1,4,4.0,0,0,4.0,2,41.0,2,1,1.0,1,2.0,0,1,0,0
657,0,48.0,2,3,10222.0,0,3,4.0,0,0,3.0,2,37.0,1,1,1.0,2,1.0,1,1,1,0
658,2,30.0,0,9,4221.0,1,2,2.0,4,0,1.0,2,28.0,0,1,2.0,2,1.0,0,1,1,1
659,2,18.0,4,2,6361.0,1,4,2.0,0,0,1.0,0,41.0,0,1,1.0,2,1.0,1,1,1,0
660,3,12.0,2,3,1297.0,1,2,3.0,1,0,4.0,3,23.0,0,0,1.0,2,1.0,0,1,1,0
661,1,12.0,2,0,900.0,0,2,4.0,1,0,2.0,2,23.0,0,1,1.0,2,1.0,0,1,0,0
662,0,21.0,2,2,2241.0,1,4,4.0,0,0,2.0,3,50.0,0,1,2.0,2,1.0,0,1,1,0
663,2,6.0,3,2,1050.0,1,0,4.0,0,0,1.0,1,35.0,1,1,2.0,3,1.0,1,1,1,0
664,3,6.0,4,6,1047.0,1,2,2.0,4,0,4.0,1,50.0,0,1,1.0,1,1.0,0,1,1,1
665,0,24.0,4,10,6314.0,1,0,4.0,0,1,2.0,0,27.0,2,1,2.0,3,1.0,1,1,1,0
666,2,30.0,1,2,3496.0,4,2,4.0,0,0,2.0,2,34.0,1,1,1.0,2,2.0,1,1,1,0
667,0,48.0,1,9,3609.0,1,2,1.0,4,0,1.0,3,27.0,1,1,1.0,2,1.0,0,1,1,1
668,1,12.0,4,0,4843.0,1,4,3.0,0,1,4.0,1,43.0,0,0,2.0,2,1.0,1,1,0,0
669,3,30.0,4,3,3017.0,1,4,4.0,0,0,4.0,1,47.0,0,1,1.0,2,1.0,0,1,1,0
670,0,24.0,4,9,4139.0,2,2,3.0,0,0,3.0,1,27.0,0,1,2.0,1,1.0,1,1,1,0
671,0,36.0,2,9,5742.0,2,3,2.0,0,0,2.0,2,31.0,0,1,2.0,2,1.0,1,1,1,0
672,0,60.0,2,0,10366.0,1,4,2.0,0,0,4.0,1,42.0,0,1,1.0,3,1.0,1,1,1,0
673,0,6.0,4,0,2080.0,3,2,1.0,1,0,2.0,2,24.0,0,1,1.0,2,1.0,0,1,1,0
674,0,21.0,3,9,2580.0,3,1,4.0,0,0,2.0,3,41.0,2,1,1.0,1,2.0,0,1,0,0
675,0,30.0,4,3,4530.0,1,3,4.0,4,0,4.0,2,26.0,0,0,1.0,3,1.0,1,1,1,1
676,0,24.0,4,2,5150.0,1,4,4.0,0,0,4.0,2,33.0,0,1,1.0,2,1.0,1,1,1,0
677,2,72.0,2,3,5595.0,2,2,2.0,1,0,2.0,2,24.0,0,1,1.0,2,1.0,0,1,0,0
678,1,24.0,2,3,2384.0,1,4,4.0,0,0,4.0,3,64.0,2,0,1.0,1,1.0,0,1,1,0
679,0,18.0,2,3,1453.0,1,1,3.0,4,0,1.0,3,26.0,0,1,1.0,2,1.0,0,1,1,1
680,0,6.0,2,6,1538.0,1,1,1.0,4,0,2.0,0,56.0,0,1,1.0,2,1.0,0,1,1,1
681,0,12.0,2,3,2279.0,0,2,4.0,0,0,4.0,0,37.0,0,2,1.0,2,1.0,1,1,1,0
682,0,15.0,3,3,1478.0,1,2,4.0,1,0,3.0,3,33.0,2,1,2.0,2,1.0,0,1,1,0
683,0,24.0,4,3,5103.0,1,1,3.0,1,0,3.0,0,47.0,0,2,3.0,2,1.0,1,1,1,0
684,2,36.0,3,9,9857.0,2,3,1.0,0,0,3.0,1,31.0,0,1,2.0,1,2.0,1,1,1,0
685,0,60.0,2,0,6527.0,0,2,4.0,0,0,4.0,0,34.0,0,2,1.0,2,2.0,1,1,1,0
686,3,10.0,4,3,1347.0,0,3,4.0,0,0,2.0,1,27.0,0,1,2.0,2,1.0,1,1,1,0
687,2,36.0,3,0,2862.0,2,4,4.0,0,0,3.0,0,30.0,0,2,1.0,2,1.0,0,1,1,0
688,0,9.0,2,3,2753.0,2,4,3.0,0,1,4.0,2,35.0,0,1,1.0,2,1.0,1,1,1,0
689,1,12.0,2,0,3651.0,4,2,1.0,0,0,3.0,1,31.0,0,1,1.0,2,2.0,0,1,1,0
690,1,15.0,4,2,975.0,1,2,2.0,2,0,3.0,1,25.0,0,1,2.0,2,1.0,0,1,1,0
691,2,15.0,2,5,2631.0,2,2,3.0,4,0,2.0,3,25.0,0,1,1.0,1,1.0,0,1,1,1
692,2,24.0,2,3,2896.0,2,1,2.0,0,0,1.0,2,29.0,0,1,1.0,2,1.0,0,1,1,0
693,1,6.0,4,0,4716.0,0,1,1.0,0,0,3.0,3,44.0,0,1,2.0,1,2.0,0,1,1,0
694,0,24.0,2,3,2284.0,1,3,4.0,0,0,2.0,2,28.0,0,1,1.0,2,1.0,1,1,1,0
695,0,6.0,2,1,1236.0,3,2,2.0,0,0,4.0,1,50.0,0,0,1.0,2,1.0,0,1,1,0
696,2,12.0,2,3,1103.0,1,3,4.0,0,2,3.0,3,29.0,0,1,2.0,2,1.0,0,0,1,0
697,0,12.0,4,0,926.0,1,0,1.0,4,0,2.0,1,38.0,0,1,1.0,0,1.0,0,1,1,1
698,0,18.0,4,3,1800.0,1,2,4.0,0,0,2.0,2,24.0,0,1,2.0,2,1.0,0,1,1,0
699,3,15.0,2,6,1905.0,1,4,4.0,0,0,4.0,2,40.0,0,0,1.0,3,1.0,1,1,1,0
700,0,12.0,2,2,1123.0,3,2,4.0,4,0,4.0,2,29.0,0,0,1.0,1,1.0,0,1,0,1
701,1,48.0,4,1,6331.0,1,4,4.0,0,0,4.0,0,46.0,0,2,2.0,2,1.0,1,1,0,0
702,3,24.0,2,3,1377.0,2,4,4.0,4,0,2.0,0,47.0,0,2,1.0,2,1.0,1,1,1,1
703,2,30.0,3,9,2503.0,2,4,4.0,0,0,2.0,1,41.0,1,1,2.0,2,1.0,0,1,1,0
704,2,27.0,2,9,2528.0,1,1,4.0,4,0,1.0,1,32.0,0,1,1.0,2,2.0,1,1,1,1
705,0,15.0,2,0,5324.0,3,4,1.0,4,0,4.0,0,35.0,0,2,1.0,2,1.0,0,1,1,1
706,2,48.0,2,0,6560.0,2,3,3.0,0,0,2.0,1,24.0,0,1,1.0,2,1.0,0,1,0,0
707,2,12.0,0,2,2969.0,1,1,4.0,4,0,3.0,1,25.0,0,0,2.0,2,1.0,0,1,0,1
708,2,9.0,2,3,1206.0,1,4,4.0,4,0,4.0,3,25.0,0,1,1.0,2,1.0,0,1,1,1
709,2,9.0,2,3,2118.0,1,2,2.0,0,0,2.0,3,37.0,0,1,1.0,1,2.0,0,1,1,0
710,0,18.0,4,3,629.0,3,4,4.0,0,0,3.0,1,32.0,2,1,2.0,3,1.0,1,1,1,0
711,1,6.0,1,6,1198.0,1,4,4.0,4,0,4.0,0,35.0,0,2,1.0,2,1.0,0,1,0,1
712,0,21.0,2,1,2476.0,0,4,4.0,0,0,4.0,3,46.0,0,1,1.0,3,1.0,1,1,1,0
713,1,9.0,4,3,1138.0,1,2,4.0,0,0,4.0,3,25.0,0,1,2.0,1,1.0,0,1,1,0
714,2,60.0,2,0,14027.0,1,3,4.0,0,0,2.0,0,27.0,0,1,1.0,3,1.0,1,1,0,0
715,0,30.0,4,1,7596.0,0,4,1.0,0,0,4.0,2,63.0,0,1,2.0,2,1.0,0,1,1,0
716,0,30.0,4,3,3077.0,0,4,3.0,0,0,2.0,2,40.0,0,1,2.0,2,2.0,1,1,1,0
717,0,18.0,2,3,1505.0,1,2,4.0,0,0,2.0,0,32.0,0,2,1.0,3,1.0,1,1,1,0
718,3,24.0,4,3,3148.0,0,2,3.0,0,0,2.0,2,31.0,0,1,2.0,2,1.0,1,1,1,0
719,2,20.0,0,1,6148.0,2,4,3.0,1,0,4.0,2,31.0,2,1,2.0,2,1.0,1,1,1,0
720,3,9.0,0,3,1337.0,1,1,4.0,0,0,2.0,2,34.0,0,1,2.0,3,1.0,1,1,0,0
721,2,6.0,1,6,433.0,4,1,4.0,4,0,2.0,1,24.0,2,0,1.0,2,2.0,0,1,0,1
722,1,12.0,2,0,1228.0,1,2,4.0,4,0,2.0,3,24.0,0,1,1.0,1,1.0,0,1,0,1
723,2,9.0,2,3,790.0,3,2,4.0,4,0,3.0,3,66.0,0,1,1.0,1,1.0,0,1,1,1
724,0,27.0,2,0,2570.0,1,2,3.0,4,0,3.0,3,21.0,0,0,1.0,2,1.0,0,1,0,1
725,0,6.0,4,0,250.0,4,2,2.0,4,0,2.0,3,41.0,2,1,2.0,1,1.0,0,1,1,1
726,0,15.0,4,3,1316.0,3,2,2.0,1,0,2.0,1,47.0,0,1,2.0,1,1.0,0,1,1,0
727,1,18.0,2,3,1882.0,1,2,4.0,4,0,4.0,2,25.0,2,0,2.0,2,1.0,0,1,0,1
728,2,48.0,1,9,6416.0,1,4,4.0,4,0,3.0,0,59.0,0,0,1.0,2,1.0,0,1,0,1
729,3,24.0,4,9,1275.0,4,2,2.0,2,0,4.0,3,36.0,0,1,2.0,2,1.0,1,1,1,0
730,2,24.0,3,3,6403.0,1,1,1.0,0,0,2.0,2,33.0,0,1,1.0,2,1.0,0,1,1,0
731,1,24.0,2,3,1987.0,1,2,2.0,0,0,4.0,3,21.0,0,0,1.0,1,2.0,0,1,0,0
732,2,8.0,2,3,760.0,1,3,4.0,4,2,2.0,3,44.0,0,1,1.0,1,1.0,0,1,1,1
733,0,24.0,2,1,2603.0,4,2,2.0,4,0,4.0,2,28.0,0,0,1.0,2,1.0,1,1,1,1
734,0,4.0,4,0,3380.0,1,3,1.0,4,0,1.0,3,37.0,0,1,1.0,2,2.0,0,1,1,1
735,2,36.0,1,4,3990.0,0,1,3.0,4,0,2.0,0,29.0,2,1,1.0,0,1.0,0,1,1,1
736,2,24.0,2,1,11560.0,1,2,1.0,4,0,4.0,2,23.0,0,0,2.0,3,1.0,0,1,0,1
737,1,18.0,2,0,4380.0,2,2,3.0,0,0,4.0,2,35.0,0,1,1.0,1,2.0,1,1,1,0
738,0,6.0,4,0,6761.0,1,3,1.0,0,0,3.0,0,45.0,0,1,2.0,3,2.0,1,1,1,0
739,2,30.0,0,9,4280.0,2,2,4.0,4,0,4.0,2,26.0,0,0,2.0,1,1.0,0,1,0,1
740,1,24.0,1,0,2325.0,2,3,2.0,0,0,3.0,2,32.0,2,1,1.0,2,1.0,0,1,1,0
741,2,10.0,1,3,1048.0,1,2,4.0,0,0,4.0,3,23.0,1,1,1.0,1,1.0,0,1,1,0
742,0,21.0,2,3,3160.0,0,4,4.0,0,0,3.0,1,41.0,0,1,1.0,2,1.0,1,1,1,0
743,1,24.0,1,2,2483.0,3,2,4.0,0,0,4.0,3,22.0,1,1,1.0,2,1.0,1,1,1,0
744,1,39.0,4,2,14179.0,0,3,4.0,0,0,4.0,1,30.0,0,1,2.0,3,1.0,1,1,1,0
745,1,13.0,4,9,1797.0,1,1,3.0,0,0,1.0,1,28.0,2,1,2.0,1,1.0,0,1,1,0
746,1,15.0,2,0,2511.0,1,0,1.0,4,0,4.0,2,23.0,0,0,1.0,2,1.0,0,1,1,1
747,1,12.0,2,0,1274.0,1,1,3.0,4,0,1.0,3,37.0,0,1,1.0,1,1.0,0,1,0,1
748,0,21.0,2,1,5248.0,0,2,1.0,0,0,3.0,2,26.0,0,1,1.0,2,1.0,0,1,1,0
749,0,15.0,2,1,3029.0,1,3,2.0,0,0,2.0,2,33.0,0,1,1.0,2,1.0,0,1,1,0
750,1,6.0,2,2,428.0,1,4,2.0,4,0,1.0,1,49.0,2,1,1.0,2,1.0,1,1,1,1
751,1,18.0,2,0,976.0,1,1,1.0,4,0,2.0,2,23.0,0,1,1.0,1,1.0,0,1,0,1
752,2,12.0,2,9,841.0,2,3,2.0,4,0,4.0,3,23.0,0,0,1.0,1,1.0,0,1,1,1
753,0,30.0,4,3,5771.0,1,3,4.0,4,0,2.0,2,25.0,0,1,2.0,2,1.0,0,1,1,1
754,0,12.0,3,5,1555.0,4,4,4.0,0,0,4.0,0,55.0,0,2,2.0,2,2.0,0,1,0,0
755,1,24.0,2,0,1285.0,0,3,4.0,4,0,4.0,0,32.0,0,0,1.0,2,1.0,0,1,0,1
756,3,6.0,4,0,1299.0,1,2,1.0,0,0,1.0,3,74.0,0,1,3.0,0,2.0,0,0,1,0
757,3,15.0,4,3,1271.0,0,2,3.0,0,0,4.0,0,39.0,0,2,2.0,2,1.0,1,1,0,0
758,0,24.0,2,0,1393.0,1,2,2.0,0,2,2.0,3,31.0,0,1,1.0,2,1.0,1,1,1,0
759,1,12.0,4,0,691.0,1,4,4.0,0,0,3.0,1,35.0,0,1,2.0,2,1.0,0,1,0,0
760,0,15.0,4,0,5045.0,0,4,1.0,4,0,4.0,2,59.0,0,1,1.0,2,1.0,1,1,1,1
761,1,18.0,4,2,2124.0,1,2,4.0,4,0,4.0,3,24.0,0,0,2.0,2,1.0,0,1,0,1
762,1,12.0,2,3,2214.0,1,2,4.0,0,0,3.0,1,24.0,0,1,1.0,1,1.0,0,1,1,0
763,0,21.0,4,0,12680.0,0,4,4.0,0,0,4.0,0,30.0,0,2,1.0,3,1.0,1,1,0,0
764,0,24.0,4,0,2463.0,2,3,4.0,1,0,3.0,1,27.0,0,1,2.0,2,1.0,1,1,1,0
765,2,12.0,2,3,1155.0,1,4,3.0,1,2,3.0,3,40.0,2,1,2.0,1,1.0,0,1,1,0
766,1,30.0,2,2,3108.0,1,1,2.0,2,0,4.0,1,31.0,0,1,1.0,1,1.0,0,1,0,0
767,0,10.0,2,1,2901.0,0,1,1.0,4,0,4.0,3,31.0,0,0,1.0,2,1.0,0,1,1,1
768,2,12.0,4,2,3617.0,1,4,1.0,0,0,4.0,2,28.0,0,0,3.0,2,1.0,1,1,1,0
769,0,12.0,4,3,1655.0,1,4,2.0,0,0,4.0,3,63.0,0,1,2.0,1,1.0,1,1,1,0
770,1,24.0,2,1,2812.0,0,4,2.0,4,0,4.0,3,26.0,0,0,1.0,2,1.0,0,1,1,1
771,1,36.0,4,6,8065.0,1,2,3.0,4,0,2.0,0,25.0,0,1,2.0,3,1.0,1,1,0,1
772,0,21.0,4,1,3275.0,1,4,1.0,0,0,4.0,2,36.0,0,1,1.0,3,1.0,1,1,1,0
773,0,24.0,4,3,2223.0,2,4,4.0,0,0,4.0,1,52.0,2,1,2.0,2,1.0,0,1,1,0
774,3,12.0,4,0,1480.0,3,0,2.0,0,0,4.0,0,66.0,2,2,3.0,0,1.0,0,1,1,0
775,1,24.0,2,0,1371.0,0,2,4.0,4,0,4.0,3,25.0,0,0,1.0,2,1.0,0,1,0,1
776,0,36.0,4,0,3535.0,1,3,4.0,0,0,4.0,2,37.0,0,1,2.0,2,1.0,1,1,1,0
777,1,18.0,2,3,3509.0,1,3,4.0,4,2,1.0,3,25.0,0,1,1.0,2,1.0,0,1,1,1
778,0,36.0,4,1,5711.0,4,4,4.0,0,0,2.0,2,38.0,0,1,2.0,3,1.0,1,1,1,0
779,2,18.0,2,5,3872.0,1,0,2.0,4,0,4.0,2,67.0,0,1,1.0,2,1.0,1,1,1,1
780,2,39.0,4,3,4933.0,1,3,2.0,0,2,2.0,3,25.0,0,1,2.0,2,1.0,0,1,0,0
781,0,24.0,4,0,1940.0,4,4,4.0,0,0,4.0,3,60.0,0,1,1.0,2,1.0,1,1,1,0
782,2,12.0,0,8,1410.0,1,2,2.0,0,0,2.0,3,31.0,0,1,1.0,1,1.0,1,1,1,0
783,2,12.0,2,0,836.0,2,1,4.0,4,0,2.0,1,23.0,2,1,1.0,1,1.0,0,1,0,1
784,2,20.0,2,1,6468.0,0,0,1.0,2,0,4.0,3,60.0,0,1,1.0,3,1.0,1,1,1,0
785,2,18.0,2,9,1941.0,4,2,4.0,0,0,2.0,1,35.0,0,1,1.0,1,1.0,1,1,1,0
786,0,22.0,2,3,2675.0,3,4,3.0,0,0,4.0,2,40.0,0,1,1.0,2,1.0,0,1,1,0
787,0,48.0,4,1,2751.0,0,4,4.0,0,0,3.0,2,38.0,0,1,2.0,2,2.0,1,1,1,0
788,2,48.0,3,6,6224.0,1,4,4.0,0,0,4.0,0,50.0,0,2,1.0,2,1.0,0,1,0,0
789,1,40.0,4,6,5998.0,1,2,4.0,0,0,3.0,0,27.0,2,1,1.0,2,1.0,1,1,0,0
790,2,21.0,2,9,1188.0,1,4,2.0,4,0,4.0,1,39.0,0,1,1.0,2,2.0,0,1,0,1
791,0,24.0,2,1,6313.0,0,4,3.0,0,0,4.0,2,41.0,0,1,1.0,3,2.0,1,1,1,0
792,0,6.0,4,2,1221.0,0,2,1.0,1,0,2.0,1,27.0,0,1,2.0,2,1.0,0,1,1,0
793,3,24.0,2,2,2892.0,1,4,3.0,2,0,4.0,0,51.0,0,2,1.0,2,1.0,0,1,1,0
794,0,24.0,2,2,3062.0,3,4,4.0,0,0,3.0,0,32.0,0,0,1.0,2,1.0,1,1,1,0
795,0,9.0,2,2,2301.0,2,1,2.0,4,0,4.0,1,22.0,0,0,1.0,2,1.0,0,1,1,1
796,1,18.0,2,1,7511.0,0,4,1.0,0,0,4.0,1,51.0,0,2,1.0,2,2.0,1,1,0,0
797,0,12.0,4,2,1258.0,1,1,2.0,4,0,4.0,1,22.0,0,0,2.0,1,1.0,0,1,1,1
798,0,24.0,3,0,717.0,0,4,4.0,1,0,4.0,2,54.0,0,1,2.0,2,1.0,1,1,1,0
799,2,9.0,2,0,1549.0,0,1,4.0,0,0,2.0,3,35.0,0,1,1.0,0,1.0,0,1,1,0
800,0,24.0,4,6,1597.0,1,4,4.0,0,0,4.0,0,54.0,0,2,2.0,2,2.0,0,1,1,0
801,2,18.0,4,3,1795.0,1,4,3.0,4,2,4.0,3,48.0,2,0,2.0,1,1.0,1,1,1,1
802,1,20.0,4,2,4272.0,1,4,1.0,4,0,4.0,1,24.0,0,1,2.0,2,1.0,0,1,1,1
803,0,12.0,4,3,976.0,0,4,4.0,0,0,4.0,2,35.0,0,1,2.0,2,1.0,0,1,1,0
804,2,12.0,2,0,7472.0,0,0,1.0,4,0,2.0,3,24.0,0,0,1.0,0,1.0,0,1,1,1
805,1,36.0,2,0,9271.0,1,3,2.0,0,0,1.0,2,24.0,0,1,1.0,2,1.0,1,1,0,0
806,2,6.0,2,3,590.0,1,1,3.0,1,0,3.0,3,26.0,0,1,1.0,1,1.0,0,0,1,0
807,0,12.0,4,3,930.0,0,4,4.0,0,0,4.0,3,65.0,0,1,4.0,2,1.0,0,1,1,0
808,2,42.0,1,1,9283.0,1,0,1.0,0,0,2.0,0,55.0,2,2,1.0,3,1.0,1,1,1,0
809,2,15.0,0,0,1778.0,1,1,2.0,4,0,1.0,3,26.0,0,0,2.0,0,1.0,0,1,0,1
810,2,8.0,2,9,907.0,1,1,3.0,1,0,2.0,3,26.0,0,1,1.0,2,1.0,1,1,1,0
811,2,6.0,2,3,484.0,1,3,3.0,1,2,3.0,3,28.0,2,1,1.0,1,1.0,0,1,1,0
812,1,36.0,4,1,9629.0,1,3,4.0,0,0,4.0,2,24.0,0,1,2.0,2,1.0,1,1,0,0
813,1,48.0,2,4,3051.0,1,2,3.0,0,0,4.0,2,54.0,0,1,1.0,2,1.0,0,1,0,0
814,1,48.0,2,0,3931.0,1,3,4.0,0,0,4.0,0,46.0,0,2,1.0,2,2.0,0,1,0,0
815,2,36.0,3,0,7432.0,1,2,2.0,4,0,2.0,1,54.0,0,0,1.0,2,1.0,0,1,1,1
816,0,6.0,2,4,1338.0,3,2,1.0,2,0,4.0,3,62.0,0,1,1.0,2,1.0,0,1,1,0
817,0,6.0,4,3,1554.0,1,3,1.0,4,0,2.0,2,24.0,0,0,2.0,2,1.0,1,1,1,1
818,1,36.0,2,10,15857.0,1,0,2.0,2,1,3.0,2,43.0,0,1,1.0,3,1.0,0,1,1,0
819,1,18.0,2,3,1345.0,1,2,4.0,1,0,3.0,3,26.0,2,1,1.0,2,1.0,0,1,0,0
820,0,12.0,2,0,1101.0,1,2,3.0,1,0,2.0,3,27.0,0,1,2.0,2,1.0,1,1,1,0
821,3,12.0,2,3,3016.0,1,2,3.0,1,0,1.0,2,24.0,0,1,1.0,2,1.0,0,1,1,0
822,1,36.0,2,2,2712.0,1,4,2.0,0,0,2.0,1,41.0,2,1,1.0,2,2.0,0,1,0,0
823,1,8.0,4,0,731.0,1,4,4.0,0,0,4.0,3,47.0,0,1,2.0,1,1.0,0,1,1,0
824,0,18.0,4,2,3780.0,1,1,3.0,2,0,2.0,2,35.0,0,1,2.0,3,1.0,1,1,1,0
825,1,21.0,4,0,1602.0,1,4,4.0,1,0,3.0,2,30.0,0,1,2.0,2,1.0,1,1,1,0
826,1,18.0,4,0,3966.0,1,4,1.0,4,0,4.0,3,33.0,2,0,3.0,2,1.0,1,1,0,1
827,0,18.0,0,9,4165.0,1,2,2.0,0,0,2.0,2,36.0,1,1,2.0,2,2.0,0,1,0,0
828,1,36.0,2,1,8335.0,0,4,3.0,0,0,4.0,0,47.0,0,2,1.0,2,1.0,0,1,0,0
829,2,48.0,3,9,6681.0,0,2,4.0,0,0,4.0,0,38.0,0,2,1.0,2,2.0,1,1,1,0
830,0,24.0,3,9,2375.0,3,2,4.0,0,0,2.0,2,44.0,0,1,2.0,2,2.0,1,1,1,0
831,1,18.0,2,0,1216.0,1,1,4.0,4,0,3.0,2,23.0,0,0,1.0,2,1.0,1,1,0,1
832,1,45.0,0,9,11816.0,1,4,2.0,0,0,4.0,2,29.0,0,0,2.0,2,1.0,0,1,0,0
833,2,24.0,2,3,5084.0,0,4,2.0,4,0,4.0,2,42.0,0,1,1.0,2,1.0,1,1,1,1
834,3,15.0,2,3,2327.0,1,1,2.0,4,0,3.0,3,25.0,0,1,1.0,1,1.0,0,1,0,1
835,1,12.0,0,0,1082.0,1,2,4.0,0,0,4.0,2,48.0,2,1,2.0,2,1.0,0,1,0,0
836,0,12.0,2,3,886.0,0,2,4.0,4,0,2.0,2,21.0,0,1,1.0,2,1.0,0,1,1,1
837,0,4.0,2,2,601.0,1,1,1.0,4,0,3.0,3,23.0,0,0,1.0,1,2.0,0,1,1,1
838,1,24.0,4,1,2957.0,1,4,4.0,0,0,4.0,1,63.0,0,1,2.0,2,1.0,1,1,1,0
839,0,24.0,4,3,2611.0,1,4,4.0,1,1,3.0,3,46.0,0,1,2.0,2,1.0,0,1,1,0
840,1,36.0,2,2,5179.0,1,3,4.0,0,0,2.0,1,29.0,0,1,1.0,2,1.0,0,1,0,0
841,0,21.0,3,1,2993.0,1,2,3.0,0,0,2.0,3,28.0,1,1,2.0,1,1.0,0,1,1,0
842,0,18.0,2,5,1943.0,1,1,4.0,4,0,4.0,3,23.0,0,1,1.0,2,1.0,0,1,0,1
843,0,24.0,1,9,1559.0,1,3,4.0,0,0,4.0,2,50.0,2,1,1.0,2,1.0,1,1,1,0
844,0,18.0,2,2,3422.0,1,4,4.0,0,0,4.0,1,47.0,2,1,3.0,2,2.0,1,1,1,0
845,2,21.0,2,2,3976.0,0,3,2.0,0,0,3.0,2,35.0,0,1,1.0,2,1.0,1,1,1,0
846,0,18.0,2,0,6761.0,0,2,2.0,0,0,4.0,2,68.0,0,0,2.0,2,1.0,0,1,0,0
847,0,24.0,2,0,1249.0,1,1,4.0,1,0,2.0,3,28.0,0,1,1.0,2,1.0,0,1,1,0
848,1,9.0,2,3,1364.0,1,3,3.0,0,0,4.0,3,59.0,0,1,1.0,2,1.0,0,1,1,0
849,1,12.0,2,3,709.0,1,4,4.0,0,0,4.0,3,57.0,1,1,1.0,1,1.0,0,1,0,0
850,1,20.0,4,0,2235.0,1,2,4.0,1,2,2.0,1,33.0,2,0,2.0,2,1.0,0,0,0,0
851,0,24.0,4,1,4042.0,0,3,3.0,0,0,4.0,1,43.0,0,1,2.0,2,1.0,1,1,1,0
852,0,15.0,4,3,1471.0,1,2,4.0,0,0,4.0,0,35.0,0,2,2.0,2,1.0,1,1,1,0
853,1,18.0,1,0,1442.0,1,3,4.0,0,0,4.0,0,32.0,0,2,2.0,1,2.0,0,1,0,0
854,0,36.0,3,0,10875.0,1,4,2.0,0,0,2.0,2,45.0,0,1,2.0,2,2.0,1,1,1,0
855,0,24.0,2,0,1474.0,2,1,4.0,1,0,3.0,3,33.0,0,1,1.0,2,1.0,1,1,1,0
856,0,10.0,2,8,894.0,0,3,4.0,4,0,3.0,1,40.0,0,1,1.0,2,1.0,1,1,1,1
857,0,15.0,4,2,3343.0,1,2,4.0,0,0,2.0,0,28.0,0,2,1.0,2,1.0,1,1,1,0
858,1,15.0,2,0,3959.0,1,2,3.0,4,0,2.0,1,29.0,0,1,1.0,2,1.0,1,1,0,1
859,0,9.0,2,0,3577.0,2,2,1.0,0,2,2.0,3,26.0,0,0,1.0,2,2.0,0,0,1,0
860,0,24.0,4,1,5804.0,4,2,4.0,0,0,2.0,3,27.0,0,1,2.0,2,1.0,0,1,1,0
861,0,18.0,3,9,2169.0,1,2,4.0,1,0,2.0,2,28.0,0,1,1.0,2,1.0,1,1,0,0
862,1,24.0,2,3,2439.0,1,1,4.0,4,0,4.0,3,35.0,0,1,1.0,2,1.0,1,1,0,1
863,0,27.0,4,2,4526.0,4,1,4.0,0,0,2.0,3,32.0,1,1,2.0,1,2.0,1,1,1,0
864,0,10.0,2,2,2210.0,1,2,2.0,0,0,2.0,3,25.0,2,0,1.0,1,1.0,0,1,0,0
865,0,15.0,2,2,2221.0,3,2,2.0,4,0,4.0,2,20.0,0,0,1.0,2,1.0,0,1,1,1
866,1,18.0,2,3,2389.0,1,1,4.0,4,0,1.0,2,27.0,1,1,1.0,2,1.0,0,1,1,1
867,0,12.0,4,2,3331.0,1,4,2.0,0,0,4.0,1,42.0,1,1,1.0,2,1.0,0,1,1,0
868,0,36.0,2,9,7409.0,0,4,3.0,0,0,2.0,1,37.0,0,1,2.0,2,1.0,0,1,1,0
869,1,12.0,2,2,652.0,1,4,4.0,4,0,4.0,1,24.0,0,0,1.0,2,1.0,0,1,1,1
870,0,36.0,3,2,7678.0,3,3,2.0,4,0,4.0,2,40.0,0,1,2.0,2,1.0,1,1,1,1
871,3,6.0,4,0,1343.0,1,4,1.0,0,0,4.0,3,46.0,0,1,2.0,2,2.0,0,0,1,0
872,1,24.0,4,9,1382.0,2,3,4.0,0,0,1.0,3,26.0,0,1,2.0,2,1.0,1,1,1,0
873,0,15.0,2,4,874.0,0,1,4.0,4,0,1.0,3,24.0,0,1,1.0,2,1.0,0,1,1,1
874,1,12.0,2,2,3590.0,1,2,2.0,0,1,2.0,1,29.0,0,1,1.0,1,2.0,0,1,1,0
875,2,11.0,4,0,1322.0,4,2,4.0,4,0,4.0,2,40.0,0,1,2.0,2,1.0,0,1,1,1
876,1,18.0,1,3,1940.0,1,1,3.0,0,1,4.0,0,36.0,2,2,1.0,3,1.0,1,1,1,0
877,0,36.0,2,3,3595.0,1,4,4.0,0,0,2.0,2,28.0,0,1,1.0,2,1.0,0,1,1,0
878,1,9.0,2,0,1422.0,1,1,3.0,0,0,2.0,0,27.0,0,2,1.0,3,1.0,1,1,0,0
879,0,30.0,4,3,6742.0,0,3,2.0,0,0,3.0,1,36.0,0,1,2.0,2,1.0,0,1,1,0
880,0,24.0,2,1,7814.0,1,3,3.0,0,0,3.0,2,38.0,0,1,1.0,3,1.0,1,1,1,0
881,0,24.0,2,1,9277.0,0,2,2.0,2,0,4.0,0,48.0,0,2,1.0,2,1.0,1,1,1,0
882,2,30.0,4,0,2181.0,0,4,4.0,0,0,4.0,3,36.0,0,1,2.0,2,1.0,0,1,1,0
883,0,18.0,4,3,1098.0,1,0,4.0,4,0,4.0,2,65.0,0,1,2.0,0,1.0,0,1,1,1
884,2,24.0,2,2,4057.0,1,3,3.0,2,0,3.0,2,43.0,0,1,1.0,2,1.0,1,1,0,0
885,1,12.0,2,6,795.0,1,1,4.0,4,0,4.0,1,53.0,0,1,1.0,2,1.0,0,1,0,1
886,2,24.0,4,9,2825.0,0,3,4.0,0,0,3.0,0,34.0,0,1,2.0,2,2.0,1,1,1,0
887,2,48.0,2,9,15672.0,1,2,2.0,0,0,2.0,2,23.0,0,1,1.0,2,1.0,1,1,0,0
888,0,36.0,4,0,6614.0,1,4,4.0,0,0,4.0,2,34.0,0,1,2.0,3,1.0,1,1,1,0
889,0,28.0,1,1,7824.0,0,1,3.0,0,2,4.0,3,40.0,2,0,2.0,2,2.0,1,1,1,0
890,1,27.0,4,9,2442.0,1,4,4.0,0,0,4.0,2,43.0,1,1,4.0,3,2.0,1,1,1,0
891,0,15.0,4,3,1829.0,1,4,4.0,0,0,4.0,2,46.0,0,1,2.0,2,1.0,1,1,1,0
892,1,12.0,4,0,2171.0,1,2,4.0,0,0,4.0,1,38.0,2,1,2.0,1,1.0,0,0,1,0
893,2,36.0,4,1,5800.0,1,2,3.0,0,0,4.0,2,34.0,0,1,2.0,2,1.0,1,1,1,0
894,0,18.0,4,3,1169.0,0,2,4.0,0,0,3.0,1,29.0,0,1,2.0,2,1.0,1,1,1,0
895,0,36.0,3,1,8947.0,0,3,3.0,0,0,2.0,2,31.0,1,1,1.0,3,2.0,1,1,1,0
896,1,21.0,2,3,2606.0,1,1,4.0,4,0,4.0,1,28.0,0,0,1.0,3,1.0,1,1,1,1
897,0,12.0,4,2,1592.0,4,3,3.0,4,0,2.0,1,35.0,0,1,1.0,2,1.0,0,0,1,1
898,0,15.0,2,2,2186.0,0,3,1.0,4,0,4.0,3,33.0,2,0,1.0,1,1.0,0,1,1,1
899,1,18.0,2,2,4153.0,1,2,2.0,0,1,3.0,2,42.0,0,1,1.0,2,1.0,0,1,0,0
900,1,16.0,4,0,2625.0,1,4,2.0,0,2,4.0,1,43.0,2,0,1.0,2,1.0,1,1,0,0
901,0,20.0,4,0,3485.0,0,1,2.0,2,0,4.0,3,44.0,0,1,2.0,2,1.0,1,1,1,0
902,0,36.0,4,1,10477.0,0,4,2.0,0,0,4.0,0,42.0,0,2,2.0,2,1.0,0,1,1,0
903,0,15.0,2,3,1386.0,0,2,4.0,1,0,2.0,3,40.0,0,0,1.0,2,1.0,1,1,1,0
904,0,24.0,2,3,1278.0,1,4,4.0,0,0,1.0,3,36.0,0,1,1.0,3,1.0,1,1,1,0
905,1,12.0,2,3,1107.0,1,2,2.0,0,0,2.0,3,20.0,0,0,1.0,3,2.0,1,1,1,0
906,1,21.0,2,0,3763.0,0,3,2.0,0,1,2.0,3,24.0,0,1,1.0,1,1.0,0,0,1,0
907,2,36.0,2,6,3711.0,0,2,2.0,1,0,2.0,2,27.0,0,1,1.0,2,1.0,0,1,1,0
908,0,15.0,3,1,3594.0,1,1,1.0,4,0,2.0,1,46.0,0,1,2.0,1,1.0,0,1,1,1
909,2,9.0,2,0,3195.0,0,2,1.0,4,0,2.0,3,33.0,0,1,1.0,1,1.0,0,1,1,1
910,0,36.0,3,3,4454.0,1,2,4.0,4,0,4.0,3,34.0,0,1,2.0,2,1.0,0,1,1,1
911,2,24.0,4,2,4736.0,1,1,2.0,4,0,4.0,2,25.0,2,1,1.0,1,1.0,0,1,0,1
912,2,30.0,2,3,2991.0,0,4,2.0,4,0,4.0,2,25.0,0,1,1.0,2,1.0,0,1,1,1
913,0,11.0,2,9,2142.0,4,4,1.0,2,0,2.0,3,28.0,0,1,1.0,2,1.0,1,1,1,0
914,1,24.0,1,9,3161.0,1,2,4.0,0,0,2.0,1,31.0,0,0,1.0,2,1.0,1,1,0,0
915,2,48.0,0,10,18424.0,1,2,1.0,4,0,2.0,1,32.0,2,1,1.0,3,1.0,1,0,0,1
916,0,10.0,2,1,2848.0,2,2,1.0,0,1,2.0,3,32.0,0,1,1.0,2,2.0,0,1,1,0
917,1,6.0,2,0,14896.0,1,4,1.0,0,0,4.0,0,68.0,2,1,1.0,3,1.0,1,1,0,0
918,1,24.0,2,2,2359.0,2,0,1.0,2,0,1.0,1,33.0,0,1,1.0,2,1.0,0,1,0,0
919,1,24.0,2,2,3345.0,1,4,4.0,0,0,2.0,1,39.0,0,0,1.0,3,1.0,1,1,0,0
920,0,18.0,4,2,1817.0,1,2,4.0,4,0,2.0,0,28.0,0,1,2.0,2,1.0,0,1,1,1
921,0,48.0,3,3,12749.0,3,3,4.0,0,0,1.0,2,37.0,0,1,1.0,3,1.0,1,1,1,0
922,1,9.0,2,3,1366.0,1,1,3.0,4,0,4.0,1,22.0,0,0,1.0,2,1.0,0,1,0,1
923,2,12.0,2,0,2002.0,1,3,3.0,0,0,4.0,1,30.0,0,0,1.0,2,2.0,1,1,1,0
924,1,24.0,1,2,6872.0,1,1,2.0,2,0,1.0,1,55.0,2,1,1.0,2,1.0,1,1,0,0
925,1,12.0,1,0,697.0,1,1,4.0,0,0,2.0,2,46.0,2,1,2.0,2,1.0,1,1,0,0
926,1,18.0,4,2,1049.0,1,1,4.0,4,0,4.0,1,21.0,0,0,1.0,2,1.0,0,1,1,1
927,1,48.0,2,1,10297.0,1,3,4.0,0,0,4.0,0,39.0,1,2,3.0,2,2.0,1,1,0,0
928,0,30.0,2,3,1867.0,0,4,4.0,0,0,4.0,2,58.0,0,1,1.0,2,1.0,1,1,1,0
929,1,12.0,3,0,1344.0,1,2,4.0,0,0,2.0,3,43.0,0,1,2.0,1,2.0,0,1,1,0
930,1,24.0,2,2,1747.0,1,1,4.0,0,1,1.0,1,24.0,0,1,1.0,1,1.0,0,0,1,0
931,2,9.0,2,3,1670.0,1,1,4.0,4,0,2.0,2,22.0,0,1,1.0,2,1.0,1,1,0,1
932,0,9.0,4,0,1224.0,1,2,3.0,0,0,1.0,3,30.0,0,1,2.0,2,1.0,0,1,1,0
933,0,12.0,4,3,522.0,3,4,4.0,0,0,4.0,1,42.0,0,1,2.0,2,2.0,1,1,1,0
934,1,12.0,2,3,1498.0,1,2,4.0,4,0,1.0,2,23.0,2,1,1.0,2,1.0,0,1,1,1
935,2,30.0,3,3,1919.0,2,1,4.0,0,0,3.0,0,30.0,1,1,2.0,3,1.0,0,1,0,0
936,3,9.0,2,3,745.0,1,2,3.0,4,0,2.0,3,28.0,0,1,1.0,1,1.0,0,1,0,1
937,2,6.0,2,3,2063.0,1,1,4.0,1,0,3.0,2,30.0,0,0,1.0,3,1.0,1,1,1,0
938,2,60.0,2,6,6288.0,1,2,4.0,0,0,4.0,0,42.0,0,2,1.0,2,1.0,0,1,0,0
939,0,24.0,4,1,6842.0,0,2,2.0,0,0,4.0,1,46.0,0,1,2.0,3,2.0,1,1,1,0
940,0,12.0,2,0,3527.0,0,1,2.0,0,0,3.0,1,45.0,0,1,1.0,3,2.0,1,1,1,0
941,0,10.0,2,0,1546.0,1,2,3.0,0,0,2.0,3,31.0,0,1,1.0,1,2.0,0,0,1,0
942,0,24.0,2,2,929.0,0,3,4.0,0,0,2.0,2,31.0,1,1,1.0,2,1.0,1,1,1,0
943,0,4.0,4,0,1455.0,1,3,2.0,0,0,1.0,3,42.0,0,1,3.0,1,2.0,0,1,1,0
944,1,15.0,2,2,1845.0,1,1,4.0,4,2,1.0,1,46.0,0,0,1.0,2,1.0,0,1,1,1
945,2,48.0,0,0,8358.0,3,1,1.0,4,0,1.0,2,30.0,0,1,2.0,2,1.0,0,1,1,1
946,1,24.0,1,2,3349.0,3,1,4.0,0,0,4.0,0,30.0,0,2,1.0,2,2.0,1,1,0,0
947,0,12.0,2,0,2859.0,0,0,4.0,0,0,4.0,0,38.0,0,1,1.0,3,1.0,1,1,1,0
948,0,18.0,2,2,1533.0,1,1,4.0,1,1,1.0,1,43.0,0,1,1.0,1,2.0,0,1,0,0
949,0,24.0,2,3,3621.0,2,4,2.0,0,0,4.0,2,31.0,0,1,2.0,2,1.0,0,1,0,0
950,2,18.0,4,9,3590.0,1,0,3.0,1,0,3.0,2,40.0,0,1,3.0,0,2.0,1,1,1,0
951,1,36.0,3,9,2145.0,1,3,2.0,0,0,1.0,2,24.0,0,1,2.0,2,1.0,1,1,0,0
952,2,24.0,2,1,4113.0,3,1,3.0,4,0,4.0,2,28.0,0,0,1.0,2,1.0,0,1,0,1
953,0,36.0,2,2,10974.0,1,0,4.0,4,0,2.0,2,26.0,0,1,2.0,3,1.0,1,1,0,1
954,1,12.0,2,0,1893.0,1,2,4.0,4,2,4.0,1,29.0,0,1,1.0,2,1.0,1,1,1,1
955,1,24.0,4,3,1231.0,4,4,4.0,4,0,4.0,1,57.0,0,0,2.0,3,1.0,1,1,1,1
956,3,30.0,4,3,3656.0,0,4,4.0,0,0,4.0,1,49.0,1,1,2.0,1,1.0,0,1,1,0
957,2,9.0,4,3,1154.0,1,4,2.0,0,0,4.0,3,37.0,0,1,3.0,1,1.0,0,1,1,0
958,1,28.0,2,0,4006.0,1,2,3.0,0,0,2.0,2,45.0,0,1,1.0,1,1.0,0,1,0,0
959,2,24.0,2,2,3069.0,2,4,4.0,0,0,4.0,0,30.0,0,2,1.0,2,1.0,0,1,1,0
960,0,6.0,4,3,1740.0,1,4,2.0,1,0,2.0,3,30.0,0,0,2.0,2,1.0,0,1,1,0
961,2,21.0,3,0,2353.0,1,2,1.0,2,0,4.0,1,47.0,0,1,2.0,2,1.0,0,1,1,0
962,0,15.0,2,0,3556.0,0,2,3.0,0,0,2.0,0,29.0,0,1,1.0,2,1.0,0,1,1,0
963,0,24.0,2,3,2397.0,3,4,3.0,0,0,2.0,2,35.0,2,1,2.0,2,1.0,1,1,0,0
964,2,6.0,2,5,454.0,1,1,3.0,1,0,1.0,1,22.0,0,1,1.0,1,1.0,0,1,1,0
965,2,30.0,2,3,1715.0,0,2,4.0,4,0,1.0,2,26.0,0,1,1.0,2,1.0,0,1,1,1
966,2,27.0,4,3,2520.0,3,2,4.0,0,0,2.0,1,23.0,0,1,2.0,1,1.0,0,1,0,0
967,0,15.0,2,3,3568.0,1,4,4.0,4,0,2.0,2,54.0,2,0,1.0,3,1.0,1,1,1,1
968,0,42.0,2,3,7166.0,0,3,2.0,1,0,4.0,1,29.0,0,0,1.0,2,1.0,1,1,1,0
969,1,11.0,4,0,3939.0,1,2,1.0,0,0,2.0,3,40.0,0,1,2.0,1,2.0,0,1,1,0
970,2,15.0,2,5,1514.0,2,2,4.0,0,2,2.0,3,22.0,0,1,1.0,2,1.0,0,1,1,0
971,0,24.0,2,0,7393.0,1,2,1.0,0,0,4.0,1,43.0,0,1,1.0,1,2.0,0,1,1,0
972,1,24.0,1,0,1193.0,1,0,1.0,4,1,4.0,0,29.0,0,0,2.0,0,1.0,0,1,0,1
973,1,60.0,2,9,7297.0,1,4,4.0,0,1,4.0,0,36.0,0,0,1.0,2,1.0,0,1,0,0
974,0,30.0,4,3,2831.0,1,2,4.0,4,0,2.0,2,33.0,0,1,1.0,2,1.0,1,1,1,1
975,3,24.0,2,3,1258.0,3,2,3.0,4,0,3.0,2,57.0,0,1,1.0,1,1.0,0,1,1,1
976,2,6.0,2,3,753.0,1,2,2.0,4,2,3.0,3,64.0,0,1,1.0,2,1.0,0,1,1,1
977,2,18.0,3,9,2427.0,0,4,4.0,0,0,2.0,1,42.0,0,1,2.0,2,1.0,0,1,1,0
978,0,24.0,3,0,2538.0,1,4,4.0,0,0,4.0,2,47.0,0,1,2.0,1,2.0,0,1,0,0
979,2,15.0,1,0,1264.0,2,2,2.0,1,0,2.0,1,25.0,0,0,1.0,2,1.0,0,1,0,0
980,2,30.0,4,2,8386.0,1,3,2.0,0,0,2.0,1,49.0,0,1,1.0,2,1.0,0,1,0,0
981,0,48.0,2,9,4844.0,1,0,3.0,0,0,2.0,2,33.0,2,0,1.0,3,1.0,1,1,0,0
982,3,21.0,2,0,2923.0,2,2,1.0,4,0,1.0,2,28.0,2,1,1.0,3,1.0,1,1,1,1
983,1,36.0,2,1,8229.0,1,2,2.0,0,0,2.0,1,26.0,0,1,1.0,2,2.0,0,1,0,0
984,0,24.0,4,2,2028.0,1,3,2.0,0,0,2.0,1,30.0,0,1,2.0,1,1.0,0,1,1,0
985,1,15.0,4,2,1433.0,1,2,4.0,4,0,3.0,1,25.0,0,0,2.0,2,1.0,0,1,1,1
986,3,42.0,0,9,6289.0,1,1,2.0,2,0,1.0,1,33.0,0,1,2.0,2,1.0,0,1,1,0
987,0,13.0,2,3,1409.0,2,0,2.0,4,0,4.0,3,64.0,0,1,1.0,2,1.0,0,1,1,1
988,1,24.0,2,1,6579.0,1,0,4.0,0,0,2.0,0,29.0,0,2,1.0,3,1.0,1,1,1,0
989,2,24.0,4,3,1743.0,1,4,4.0,0,0,2.0,1,48.0,0,1,2.0,1,1.0,0,1,1,0
990,0,12.0,4,6,3565.0,0,1,2.0,0,0,1.0,1,37.0,0,1,2.0,1,2.0,0,1,1,0
991,0,15.0,1,3,1569.0,2,4,4.0,0,0,4.0,2,34.0,2,1,1.0,1,2.0,0,1,1,0
992,1,18.0,2,3,1936.0,0,3,2.0,1,0,4.0,2,23.0,0,0,2.0,1,1.0,0,1,1,0
993,1,36.0,2,2,3959.0,1,0,4.0,0,0,3.0,1,30.0,0,1,1.0,3,1.0,1,1,1,0
994,0,12.0,2,0,2390.0,0,4,4.0,0,0,3.0,2,50.0,0,1,1.0,2,1.0,1,1,1,0
995,0,12.0,2,2,1736.0,1,3,3.0,4,0,4.0,3,31.0,0,1,1.0,1,1.0,0,1,1,1
996,1,30.0,2,1,3857.0,1,2,4.0,2,0,4.0,1,40.0,0,1,1.0,3,1.0,1,1,1,0
997,0,12.0,2,3,804.0,1,4,4.0,0,0,4.0,2,38.0,0,1,1.0,2,1.0,0,1,1,0
998,1,45.0,2,3,1845.0,1,2,4.0,0,0,4.0,0,23.0,0,2,1.0,2,1.0,1,1,0,0
999,2,45.0,4,1,4576.0,2,0,3.0,0,0,4.0,2,27.0,0,1,1.0,2,1.0,0,1,1,0
